<?xml version="1.0" encoding="UTF-8"?>
<jobs xmlns="http://www.demandware.com/xml/impex/jobs/2015-07-01">
    <job job-id="orderExportJob" priority="0">
        <description/>
        <parameters/>
        <flow>
            <context site-id="neeraj-site"/>
            <step step-id="orderListExportJob" type="ExecuteScriptModule" enforce-restart="false">
                <description/>
                <parameters>
                    <parameter name="ExecuteScriptModule.Module">app_custom_neeraj/cartridge/scripts/orderAssetUpdater.js</parameter>
                    <parameter name="ExecuteScriptModule.FunctionName">execute</parameter>
                    <parameter name="ExecuteScriptModule.Transactional">false</parameter>
                </parameters>
            </step>
        </flow>
        <rules/>
        <triggers>
            <run-once enabled="false">
                <date>2022-02-11Z</date>
                <time>12:38:07.000Z</time>
            </run-once>
        </triggers>
    </job>

    <job job-id="productOrderHistory" priority="0">
        <description/>
        <parameters/>
        <flow>
            <context site-id="RefArch"/>
            <step step-id="orderHistory" type="custom.productOrderHistory" enforce-restart="false">
                <description/>
                <parameters/>
            </step>
        </flow>
        <rules/>
        <triggers>
            <run-once enabled="false">
                <date>2022-01-28Z</date>
                <time>08:34:25.000Z</time>
            </run-once>
        </triggers>
    </job>

    <job job-id="Influencer Job" priority="0">
        <description/>
        <parameters/>
        <split sequential="false">
            <flow>
                <context site-id="RefArch"/>
                <step step-id="Create_XML" type="custom.VipulStep" enforce-restart="false">
                    <description/>
                    <parameters/>
                </step>
            </flow>
            <flow>
                <context site-id="Sites"/>
                <step step-id="import_catalog" type="ImportCatalog" enforce-restart="false">
                    <description/>
                    <parameters>
                        <parameter name="WorkingFolder">ProductSet</parameter>
                        <parameter name="NoFilesFoundHandling">NO_FILES_FOUND</parameter>
                        <parameter name="ImportMode">Merge</parameter>
                        <parameter name="ImportFailedHandling">WARN</parameter>
                        <parameter name="AfterImportFileHandling">Keep</parameter>
                    </parameters>
                </step>
            </flow>
            <flow>
                <context site-id="RefArch"/>
                <step step-id="Rebuild_Index" type="SearchReindex" enforce-restart="true">
                    <description/>
                    <parameters>
                        <parameter name="Product related search indexes">true</parameter>
                        <parameter name="Active data search index">true</parameter>
                        <parameter name="Content search index">true</parameter>
                        <parameter name="Indexer Type">Full Index Rebuild</parameter>
                    </parameters>
                </step>
            </flow>
        </split>
        <rules/>
        <triggers>
            <run-once enabled="false">
                <date>2022-01-13Z</date>
                <time>10:30:19.000Z</time>
            </run-once>
        </triggers>
    </job>

    <job job-id="customFileWriter" priority="0">
        <description/>
        <parameters/>
        <flow>
            <context site-id="ramesh-site"/>
            <step step-id="writeFile" type="ExecuteScriptModule" enforce-restart="false">
                <description/>
                <parameters>
                    <parameter name="ExecuteScriptModule.Module">app_ramesh_exercises/cartridge/scripts/customFileWriter.js</parameter>
                    <parameter name="ExecuteScriptModule.FunctionName">execute</parameter>
                    <parameter name="ExecuteScriptModule.Transactional">false</parameter>
                </parameters>
            </step>
        </flow>
        <rules/>
        <triggers>
            <run-once enabled="false">
                <date>2022-02-12Z</date>
                <time>05:47:02.000Z</time>
            </run-once>
        </triggers>
    </job>

    <job job-id="MigrateCustomerToSalesforceOrg" priority="0">
        <description>migrate B2C Commerce Customer Profiles to the Salesforce Org</description>
        <parameters/>
        <split sequential="false">
            <contexts template-ref="template_60">
                <context site-id="RefArch"/>
                <context site-id="RefArchGlobal"/>
            </contexts>
            <flow-template template-id="template_60">
                <step step-id="MigrateCustomerToSalesforceOrg" type="custom.B2CCRMSync.SynchronizeCustomers" enforce-restart="false">
                    <description/>
                    <parameters>
                        <parameter name="Limit">10</parameter>
                    </parameters>
                </step>
            </flow-template>
        </split>
        <rules/>
        <triggers>
            <run-once enabled="false">
                <date>2022-02-09Z</date>
                <time>13:55:58.000Z</time>
            </run-once>
        </triggers>
    </job>

    <job job-id="yogendraCatalogImport" priority="0">
        <description/>
        <parameters/>
        <flow>
            <context site-id="Sites"/>
            <step step-id="impCatalog" type="ImportCatalog" enforce-restart="false">
                <description/>
                <parameters>
                    <parameter name="WorkingFolder">Products</parameter>
                    <parameter name="NoFilesFoundHandling">NO_FILES_FOUND</parameter>
                    <parameter name="ImportMode">Merge</parameter>
                    <parameter name="ImportFailedHandling">WARN</parameter>
                    <parameter name="AfterImportFileHandling">Keep</parameter>
                    <parameter name="ArchiveFolder">archive</parameter>
                </parameters>
            </step>
        </flow>
        <rules/>
        <triggers>
            <run-once enabled="false">
                <date>2022-01-17Z</date>
                <time>10:41:49.000Z</time>
            </run-once>
        </triggers>
    </job>

    <job job-id="orderExportJobRamesh" priority="0">
        <description/>
        <parameters/>
        <flow>
            <context site-id="ramesh-site"/>
            <step step-id="exportOrders" type="ExportOrders" enforce-restart="false">
                <description/>
                <parameters>
                    <parameter name="Created">true</parameter>
                    <parameter name="New">true</parameter>
                    <parameter name="Open">true</parameter>
                    <parameter name="Completed">true</parameter>
                    <parameter name="Failed">true</parameter>
                    <parameter name="Canceled">true</parameter>
                    <parameter name="Replaced">true</parameter>
                    <parameter name="Use Order Export Delay">false</parameter>
                    <parameter name="Confirmation Status">All</parameter>
                    <parameter name="Shipment Status">All</parameter>
                    <parameter name="Payment Status">All</parameter>
                    <parameter name="Export Status">All</parameter>
                    <parameter name="ExportFile">ordersRamesh2.csv</parameter>
                    <parameter name="OverwriteExportFile">false</parameter>
                </parameters>
            </step>
        </flow>
        <flow>
            <context site-id="Sites"/>
        </flow>
        <rules/>
        <triggers>
            <run-once enabled="false">
                <date>2022-02-11Z</date>
                <time>14:22:47.000Z</time>
            </run-once>
        </triggers>
    </job>

    <job job-id="AshishJob1" priority="0">
        <description>First Job</description>
        <parameters/>
        <flow>
            <context site-id="Ashish_Site"/>
            <step step-id="stepToExportOrder" type="ExecuteScriptModule" enforce-restart="false">
                <description/>
                <parameters>
                    <parameter name="ExecuteScriptModule.Module">app_Ashish_custom/cartridge/scripts/orderExport.js</parameter>
                    <parameter name="ExecuteScriptModule.FunctionName">execute</parameter>
                    <parameter name="ExecuteScriptModule.Transactional">false</parameter>
                </parameters>
            </step>
        </flow>
        <rules/>
        <triggers>
            <run-once enabled="true">
                <date>2022-02-14Z</date>
                <time>16:23:26.000Z</time>
            </run-once>
        </triggers>
    </job>

    <job job-id="gauravKiJob" priority="0">
        <description/>
        <parameters/>
        <flow>
            <context site-id="Gaurav_Meena"/>
            <step step-id="gauravKiJobExecuteHogiAb" type="ExecuteScriptModule" enforce-restart="false">
                <description/>
                <parameters>
                    <parameter name="ExecuteScriptModule.Module">app_storefront_base/cartridge/scripts/assets.js</parameter>
                    <parameter name="ExecuteScriptModule.FunctionName">execute</parameter>
                    <parameter name="ExecuteScriptModule.Transactional">false</parameter>
                </parameters>
            </step>
        </flow>
        <rules/>
        <triggers>
            <run-once enabled="false">
                <date>2022-02-14Z</date>
                <time>05:48:22.000Z</time>
            </run-once>
        </triggers>
    </job>

    <job job-id="Aaila" priority="0">
        <description/>
        <parameters/>
        <split sequential="false">
            <flow>
                <context site-id="RefArch"/>
                <step step-id="XML_Creation" type="custom.approved_XML_Creation" enforce-restart="false">
                    <description/>
                    <parameters/>
                </step>
            </flow>
            <flow>
                <context site-id="Sites"/>
                <step step-id="Products" type="ImportCatalog" enforce-restart="false">
                    <description/>
                    <parameters>
                        <parameter name="WorkingFolder">Products</parameter>
                        <parameter name="NoFilesFoundHandling">NO_FILES_FOUND</parameter>
                        <parameter name="ImportMode">Merge</parameter>
                        <parameter name="ImportFailedHandling">WARN</parameter>
                        <parameter name="AfterImportFileHandling">Archive</parameter>
                        <parameter name="ArchiveFolder">archive</parameter>
                    </parameters>
                </step>
                <step step-id="Inventory" type="ImportInventoryLists" enforce-restart="false">
                    <description/>
                    <parameters>
                        <parameter name="WorkingFolder">Inventory</parameter>
                        <parameter name="NoFilesFoundHandling">NO_FILES_FOUND</parameter>
                        <parameter name="ImportMode">Merge</parameter>
                        <parameter name="ImportFailedHandling">WARN</parameter>
                        <parameter name="AfterImportFileHandling">Archive</parameter>
                        <parameter name="ArchiveFolder">archive</parameter>
                    </parameters>
                </step>
                <step step-id="PriceBook" type="ImportPriceBook" enforce-restart="false">
                    <description/>
                    <parameters>
                        <parameter name="WorkingFolder">PriceBook</parameter>
                        <parameter name="NoFilesFoundHandling">NO_FILES_FOUND</parameter>
                        <parameter name="ImportMode">Merge</parameter>
                        <parameter name="ImportFailedHandling">WARN</parameter>
                        <parameter name="AfterImportFileHandling">Archive</parameter>
                        <parameter name="ArchiveFolder">archive</parameter>
                    </parameters>
                </step>
            </flow>
        </split>
        <flow>
            <context site-id="RefArch"/>
            <step step-id="SearchIndexes" type="SearchReindex" enforce-restart="true">
                <description/>
                <parameters>
                    <parameter name="Product related search indexes">true</parameter>
                    <parameter name="Active data search index">true</parameter>
                    <parameter name="Content search index">true</parameter>
                    <parameter name="Indexer Type">Full Index Rebuild</parameter>
                </parameters>
            </step>
        </flow>
        <rules/>
        <triggers>
            <run-recurring enabled="true">
                <recurrence>
                    <date-from>2022-01-12Z</date-from>
                    <start-time>17:51:40.000Z</start-time>
                    <interval>1m</interval>
                    <day-of-week>
                        <weekday>Thursday</weekday>
                        <weekday>Tuesday</weekday>
                        <weekday>Saturday</weekday>
                        <weekday>Sunday</weekday>
                        <weekday>Friday</weekday>
                        <weekday>Monday</weekday>
                        <weekday>Wednesday</weekday>
                    </day-of-week>
                </recurrence>
            </run-recurring>
        </triggers>
    </job>

    <job job-id="kishan_test" priority="0">
        <description/>
        <parameters/>
        <flow>
            <context site-id="RefArch"/>
            <step step-id="kishan_test_job_step" type="ExportOrders" enforce-restart="false">
                <description/>
                <parameters>
                    <parameter name="Created">true</parameter>
                    <parameter name="New">true</parameter>
                    <parameter name="Open">true</parameter>
                    <parameter name="Completed">true</parameter>
                    <parameter name="Failed">true</parameter>
                    <parameter name="Canceled">true</parameter>
                    <parameter name="Replaced">true</parameter>
                    <parameter name="Use Order Export Delay">false</parameter>
                    <parameter name="Confirmation Status">All</parameter>
                    <parameter name="Shipment Status">All</parameter>
                    <parameter name="Payment Status">All</parameter>
                    <parameter name="Export Status">Ready for Export</parameter>
                    <parameter name="FileNamePrefix">test</parameter>
                    <parameter name="OverwriteExportFile">true</parameter>
                </parameters>
            </step>
        </flow>
        <rules/>
        <triggers>
            <run-once enabled="false">
                <date>2022-02-15Z</date>
                <time>06:03:46.000Z</time>
            </run-once>
        </triggers>
    </job>

    <job job-id="Aarch_Product_Import" priority="0">
        <description/>
        <parameters/>
        <split sequential="false">
            <flow>
                <context site-id="RefArch"/>
                <step step-id="creating XML" type="custom.Variation_Creation" enforce-restart="false">
                    <description/>
                    <parameters/>
                </step>
            </flow>
            <flow>
                <context site-id="Sites"/>
                <step step-id="Products" type="ImportCatalog" enforce-restart="false">
                    <description/>
                    <parameters>
                        <parameter name="WorkingFolder">Products</parameter>
                        <parameter name="NoFilesFoundHandling">NO_FILES_FOUND</parameter>
                        <parameter name="ImportMode">Merge</parameter>
                        <parameter name="ImportFailedHandling">WARN</parameter>
                        <parameter name="AfterImportFileHandling">Archive</parameter>
                        <parameter name="ArchiveFolder">archive</parameter>
                    </parameters>
                </step>
                <step step-id="PriceBook" type="ImportPriceBook" enforce-restart="false">
                    <description/>
                    <parameters>
                        <parameter name="WorkingFolder">PriceBook</parameter>
                        <parameter name="NoFilesFoundHandling">NO_FILES_FOUND</parameter>
                        <parameter name="ImportMode">Merge</parameter>
                        <parameter name="ImportFailedHandling">WARN</parameter>
                        <parameter name="AfterImportFileHandling">Archive</parameter>
                        <parameter name="ArchiveFolder">archive</parameter>
                    </parameters>
                </step>
                <step step-id="Inventory" type="ImportInventoryLists" enforce-restart="false">
                    <description/>
                    <parameters>
                        <parameter name="WorkingFolder">Inventory</parameter>
                        <parameter name="NoFilesFoundHandling">NO_FILES_FOUND</parameter>
                        <parameter name="ImportMode">Merge</parameter>
                        <parameter name="ImportFailedHandling">WARN</parameter>
                        <parameter name="AfterImportFileHandling">Archive</parameter>
                        <parameter name="ArchiveFolder">archive</parameter>
                    </parameters>
                </step>
            </flow>
            <flow>
                <context site-id="RefArch"/>
                <step step-id="index_rebuild" type="SearchReindex" enforce-restart="false">
                    <description/>
                    <parameters>
                        <parameter name="Product related search indexes">true</parameter>
                        <parameter name="Active data search index">true</parameter>
                        <parameter name="Content search index">true</parameter>
                        <parameter name="Indexer Type">Full Index Rebuild</parameter>
                    </parameters>
                </step>
            </flow>
        </split>
        <rules/>
        <triggers>
            <run-once enabled="false">
                <date>2022-02-02Z</date>
                <time>05:00:00.000Z</time>
            </run-once>
        </triggers>
    </job>

    <job job-id="Product_Order_History" priority="0">
        <description/>
        <parameters/>
        <flow>
            <context site-id="RefArch"/>
            <step step-id="Product_Order_History" type="custom.productOrderHistory" enforce-restart="false">
                <description/>
                <parameters/>
            </step>
        </flow>
        <rules/>
        <triggers>
            <run-once enabled="true">
                <date>2022-02-28Z</date>
                <time>16:45:02.000Z</time>
            </run-once>
        </triggers>
    </job>

    <job job-id="Aarch_ApproverEmails" priority="0">
        <description/>
        <parameters/>
        <flow>
            <context site-id="RefArch"/>
            <step step-id="inventoryAlert" type="custom.inventoryAlert" enforce-restart="false">
                <description/>
                <parameters/>
            </step>
            <step step-id="pendingProfileEmails" type="custom.pendingProfilesEmail" enforce-restart="false">
                <description/>
                <parameters/>
            </step>
            <step step-id="PendingProductEmails" type="custom.pendingProductsEmail" enforce-restart="false">
                <description/>
                <parameters/>
            </step>
        </flow>
        <rules/>
        <triggers>
            <run-once enabled="false">
                <date>2022-02-22Z</date>
                <time>08:08:16.000Z</time>
            </run-once>
        </triggers>
    </job>

    <job job-id="GoogleCloudtoWebDav" priority="0">
        <description/>
        <parameters/>
        <flow>
            <context site-id="RefArch"/>
            <step step-id="ImageDownload" type="custom.imageDownload" enforce-restart="false">
                <description/>
                <parameters/>
            </step>
        </flow>
        <rules/>
        <triggers>
            <run-once enabled="false">
                <date>2022-02-24Z</date>
                <time>09:59:24.000Z</time>
            </run-once>
        </triggers>
    </job>

    <job job-id="googleimage" priority="0">
        <description/>
        <parameters/>
        <flow>
            <context site-id="RefArch"/>
            <step step-id="image" type="custom.imageDownload" enforce-restart="false">
                <description/>
                <parameters/>
            </step>
        </flow>
        <rules/>
        <triggers>
            <run-once enabled="true">
                <date>2022-02-14Z</date>
                <time>17:16:47.000Z</time>
            </run-once>
        </triggers>
    </job>

    <job job-id="Create_pending_folder" priority="0">
        <description/>
        <parameters/>
        <flow>
            <context site-id="RefArch"/>
            <step step-id="pending_folder_creation" type="custom.Create Pending Folder In Catalog" enforce-restart="false">
                <description/>
                <parameters/>
            </step>
        </flow>
        <rules/>
        <triggers>
            <run-once enabled="false">
                <date>2022-02-15Z</date>
                <time>07:10:32.000Z</time>
            </run-once>
        </triggers>
    </job>

    <job job-id="RebuildURLs" priority="0">
        <description/>
        <parameters/>
        <split sequential="false">
            <contexts template-ref="template_40">
                <context site-id="RefArch"/>
                <context site-id="RefArchGlobal"/>
            </contexts>
            <flow-template template-id="template_40">
                <step step-id="RebuildURLs" type="UpdateStorefrontURLs" enforce-restart="false">
                    <description/>
                    <parameters/>
                </step>
            </flow-template>
        </split>
        <rules/>
        <triggers>
            <run-once enabled="false">
                <date>2018-06-25Z</date>
                <time>05:38:35.000Z</time>
            </run-once>
        </triggers>
    </job>

    <job job-id="Reindex" priority="0">
        <description/>
        <parameters/>
        <split sequential="false">
            <contexts template-ref="template_45">
                <context site-id="RefArch"/>
                <context site-id="RefArchGlobal"/>
            </contexts>
            <flow-template template-id="template_45">
                <step step-id="Reindex" type="SearchReindex" enforce-restart="false">
                    <description/>
                    <parameters>
                        <parameter name="Product related search indexes">true</parameter>
                        <parameter name="Active data search index">true</parameter>
                        <parameter name="Content search index">true</parameter>
                        <parameter name="Indexer Type">Full Index Rebuild</parameter>
                    </parameters>
                </step>
            </flow-template>
        </split>
        <rules/>
        <triggers>
            <run-once enabled="false">
                <date>2018-06-25Z</date>
                <time>05:36:56.000Z</time>
            </run-once>
        </triggers>
    </job>

    <job job-id="Create  XML" priority="0">
        <description/>
        <parameters/>
        <flow>
            <context site-id="RefArch"/>
            <step step-id="Create  XML" type="custom.VipulStep" enforce-restart="false">
                <description/>
                <parameters/>
            </step>
        </flow>
        <rules/>
        <triggers>
            <run-once enabled="false">
                <date>2022-01-13Z</date>
                <time>09:15:11.000Z</time>
            </run-once>
        </triggers>
    </job>

    <job job-id="AssetUpdaterJob" priority="0">
        <description/>
        <parameters/>
        <flow>
            <context site-id="Sites"/>
            <step step-id="LocalAssetUpdaterStep" type="ExecuteScriptModule" enforce-restart="false">
                <description/>
                <parameters>
                    <parameter name="ExecuteScriptModule.Module">app_custom_neeraj/cartridge/scripts/assetUpdater.js</parameter>
                    <parameter name="ExecuteScriptModule.FunctionName">execute</parameter>
                    <parameter name="ExecuteScriptModule.Transactional">false</parameter>
                </parameters>
            </step>
        </flow>
        <rules/>
        <triggers>
            <run-once enabled="false">
                <date>2022-02-11Z</date>
                <time>11:56:07.000Z</time>
            </run-once>
        </triggers>
    </job>

    <job job-id="importProductImagesFromFTP" priority="0">
        <description>Imports images form ftp server to webDev and then import those images into catalogue</description>
        <parameters/>
        <flow>
            <context site-id="Sites"/>
            <step step-id="importProductImagesFromFTP" type="custom.CSComponents.FtpDownload" enforce-restart="false">
                <description/>
                <parameters>
                    <parameter name="ServiceID">FTPConnector</parameter>
                    <parameter name="SourceFolder">/</parameter>
                    <parameter name="TargetFolder">src/FTPimageImport/unassigned</parameter>
                    <parameter name="Recursive">false</parameter>
                    <parameter name="NoFileFoundStatus">ERROR</parameter>
                    <parameter name="IsDisabled">true</parameter>
                </parameters>
            </step>
            <step step-id="generateXMLForImageImport" type="custom.ImportProductImagesJob" enforce-restart="true">
                <description/>
                <parameters>
                    <parameter name="catalogId">electronics-m-catalog</parameter>
                    <parameter name="workingFolder">src/FTPimageImport/</parameter>
                </parameters>
                <rules>
                    <on-exit status="*">
                        <continue/>
                    </on-exit>
                    <on-exit status="ERROR">
                        <stop-job/>
                    </on-exit>
                </rules>
            </step>
            <step step-id="importImagesXML" type="ImportCatalog" enforce-restart="false">
                <description/>
                <parameters>
                    <parameter name="WorkingFolder">FTPimageImport/xml</parameter>
                    <parameter name="NoFilesFoundHandling">ERROR</parameter>
                    <parameter name="ImportMode">Merge</parameter>
                    <parameter name="ImportFailedHandling">WARN</parameter>
                    <parameter name="AfterImportFileHandling">Keep</parameter>
                    <parameter name="ArchiveFolder">archive</parameter>
                </parameters>
            </step>
        </flow>
        <rules/>
        <triggers>
            <run-once enabled="false">
                <date>2022-01-31Z</date>
                <time>14:18:36.000Z</time>
            </run-once>
        </triggers>
    </job>

    <job job-id="catalog import" priority="0">
        <description/>
        <parameters/>
        <flow>
            <context site-id="Sites"/>
            <step step-id="ProductSet" type="ImportCatalog" enforce-restart="false">
                <description/>
                <parameters>
                    <parameter name="WorkingFolder">ProductSet</parameter>
                    <parameter name="NoFilesFoundHandling">NO_FILES_FOUND</parameter>
                    <parameter name="ImportMode">Merge</parameter>
                    <parameter name="ImportFailedHandling">WARN</parameter>
                    <parameter name="AfterImportFileHandling">Archive</parameter>
                    <parameter name="ArchiveFolder">archive</parameter>
                </parameters>
            </step>
        </flow>
        <rules/>
        <triggers>
            <run-once enabled="false">
                <date>2022-01-21Z</date>
                <time>11:31:26.000Z</time>
            </run-once>
        </triggers>
    </job>

    <job job-id="MCC-CompileMappingTemplates" priority="0">
        <description/>
        <parameters/>
        <flow>
            <context site-id="RefArch"/>
            <step step-id="mcc-compile-datafeed-templates" type="custom.MCC-CompileMappingTemplates" enforce-restart="false">
                <description/>
                <parameters>
                    <parameter name="ObjectType">DataFeeds</parameter>
                </parameters>
            </step>
            <step step-id="mcc-compile-trigger-templates" type="custom.MCC-CompileMappingTemplates" enforce-restart="false">
                <description/>
                <parameters>
                    <parameter name="ObjectType">Triggers</parameter>
                </parameters>
            </step>
            <step step-id="mcc-compile-analytic-templates" type="custom.MCC-CompileMappingTemplates" enforce-restart="false">
                <description/>
                <parameters>
                    <parameter name="ObjectType">Analytics</parameter>
                </parameters>
            </step>
        </flow>
        <rules/>
        <triggers>
            <run-once enabled="false">
                <date>2017-10-03Z</date>
                <time>05:03:15.000Z</time>
            </run-once>
        </triggers>
    </job>

    <job job-id="MCC-Feed-Catalog" priority="0">
        <description/>
        <parameters/>
        <flow>
            <context site-id="RefArch"/>
            <step step-id="mcc-feed-exportCatalog" type="custom.MCC-Feed-ExportCatalog" enforce-restart="false">
                <description/>
                <parameters>
                    <parameter name="ExportID">catalogFeed</parameter>
                    <parameter name="ExportFileName">catalogFeed.psv</parameter>
                    <parameter name="Delimiter">|</parameter>
                    <parameter name="IncrementalExport">false</parameter>
                </parameters>
            </step>
            <step step-id="mcc-feed-uploadcatalog" type="custom.MCC-Feed-UploadCatalog" enforce-restart="false">
                <description/>
                <parameters>
                    <parameter name="SFTPServiceID">marketingcloud.sftp</parameter>
                    <parameter name="ExportFileName">catalogFeed.psv</parameter>
                    <parameter name="TargetPath">/Import/</parameter>
                </parameters>
            </step>
        </flow>
        <rules/>
        <triggers>
            <run-once enabled="false">
                <date>2017-05-30Z</date>
                <time>20:17:25.000Z</time>
            </run-once>
        </triggers>
    </job>

    <job job-id="MCC-Feed-Content" priority="0">
        <description/>
        <parameters/>
        <flow>
            <context site-id="RefArch"/>
            <step step-id="mcc-feed-exportContent" type="custom.MCC-Feed-ExportContent" enforce-restart="false">
                <description/>
                <parameters>
                    <parameter name="ExportID">contentFeed</parameter>
                    <parameter name="ExportFileName">contentFeed.psv</parameter>
                    <parameter name="Delimiter">|</parameter>
                    <parameter name="IncrementalExport">false</parameter>
                </parameters>
            </step>
            <step step-id="mcc-feed-uploadcontent" type="custom.MCC-Feed-UploadContent" enforce-restart="false">
                <description/>
                <parameters>
                    <parameter name="SFTPServiceID">marketingcloud.sftp</parameter>
                    <parameter name="ExportFileName">contentFeed.psv</parameter>
                    <parameter name="TargetPath">/Import/</parameter>
                </parameters>
            </step>
        </flow>
        <rules/>
        <triggers>
            <run-once enabled="false">
                <date>2017-05-30Z</date>
                <time>20:17:25.000Z</time>
            </run-once>
        </triggers>
    </job>

    <job job-id="MCC-Feed-Customers" priority="0">
        <description/>
        <parameters/>
        <flow>
            <context site-id="RefArch"/>
            <step step-id="mcc-feed-exportcustomers" type="custom.MCC-Feed-ExportCustomers" enforce-restart="false">
                <description/>
                <parameters>
                    <parameter name="ExportID">customersFeed</parameter>
                    <parameter name="ExportFileName">customersFeed.psv</parameter>
                    <parameter name="Delimiter">|</parameter>
                    <parameter name="IncrementalExport">false</parameter>
                </parameters>
            </step>
            <step step-id="mcc-feed-uploadcustomers" type="custom.MCC-Feed-UploadCustomers" enforce-restart="false">
                <description/>
                <parameters>
                    <parameter name="SFTPServiceID">marketingcloud.sftp</parameter>
                    <parameter name="ExportFileName">customersFeed.psv</parameter>
                    <parameter name="TargetPath">/Import/</parameter>
                </parameters>
            </step>
        </flow>
        <rules/>
        <triggers>
            <run-once enabled="false">
                <date>2017-06-19Z</date>
                <time>15:41:10.000Z</time>
            </run-once>
        </triggers>
    </job>

    <job job-id="MCC-Feed-Orders" priority="0">
        <description/>
        <parameters/>
        <flow>
            <context site-id="RefArch"/>
            <step step-id="mcc-feed-exportorders" type="custom.MCC-Feed-ExportOrders" enforce-restart="false">
                <description/>
                <parameters>
                    <parameter name="ExportID">ordersFeed</parameter>
                    <parameter name="ExportFileName">ordersFeed.psv</parameter>
                    <parameter name="Delimiter">|</parameter>
                    <parameter name="IncrementalExport">false</parameter>
                </parameters>
            </step>
            <step step-id="mcc-feed-uploadorders" type="custom.MCC-Feed-UploadOrders" enforce-restart="false">
                <description/>
                <parameters>
                    <parameter name="SFTPServiceID">marketingcloud.sftp</parameter>
                    <parameter name="ExportFileName">ordersFeed.psv</parameter>
                    <parameter name="TargetPath">/Import/</parameter>
                </parameters>
            </step>
        </flow>
        <rules/>
        <triggers>
            <run-once enabled="false">
                <date>2017-06-19Z</date>
                <time>15:37:40.000Z</time>
            </run-once>
        </triggers>
    </job>

    <job job-id="MCC-Feed-Promotions" priority="0">
        <description/>
        <parameters/>
        <flow>
            <context site-id="RefArch"/>
            <step step-id="mcc-feed-exportpromotions" type="custom.MCC-Feed-ExportPromotions" enforce-restart="false">
                <description/>
                <parameters>
                    <parameter name="ExportID">promotionsFeed</parameter>
                    <parameter name="ExportFileName">promotionsFeed.psv</parameter>
                    <parameter name="Delimiter">|</parameter>
                    <parameter name="IncrementalExport">false</parameter>
                </parameters>
            </step>
            <step step-id="mcc-feed-uploadpromotions" type="custom.MCC-Feed-UploadPromotions" enforce-restart="false">
                <description/>
                <parameters>
                    <parameter name="SFTPServiceID">marketingcloud.sftp</parameter>
                    <parameter name="ExportFileName">promotionsFeed.psv</parameter>
                    <parameter name="TargetPath">/Import/</parameter>
                </parameters>
            </step>
        </flow>
        <rules/>
        <triggers>
            <run-once enabled="false">
                <date>2017-06-19Z</date>
                <time>15:37:40.000Z</time>
            </run-once>
        </triggers>
    </job>

    <job job-id="sendEmail" priority="1">
        <description>sendEmail</description>
        <parameters/>
        <flow>
            <context site-id="Gaurav_Meena"/>
            <step step-id="sendEmail" type="ExecuteScriptModule" enforce-restart="false">
                <description>sendEmail</description>
                <parameters>
                    <parameter name="ExecuteScriptModule.Module">app_custom_solutions/cartridge/scripts/sendEmail.js</parameter>
                    <parameter name="ExecuteScriptModule.FunctionName">send</parameter>
                    <parameter name="ExecuteScriptModule.Transactional">false</parameter>
                </parameters>
            </step>
        </flow>
        <rules/>
        <triggers>
            <run-recurring enabled="true">
                <recurrence>
                    <date-from>2022-02-24Z</date-from>
                    <start-time>05:00:00.000Z</start-time>
                    <interval>1m</interval>
                    <day-of-week>
                        <weekday>Thursday</weekday>
                        <weekday>Tuesday</weekday>
                        <weekday>Saturday</weekday>
                        <weekday>Sunday</weekday>
                        <weekday>Friday</weekday>
                        <weekday>Monday</weekday>
                        <weekday>Wednesday</weekday>
                    </day-of-week>
                </recurrence>
            </run-recurring>
        </triggers>
    </job>

    <job job-id="MCC-InitTriggers" priority="0">
        <description>For developer use, used to recreate trigger configurations</description>
        <parameters/>
        <flow>
            <context site-id="RefArch"/>
            <step step-id="mcc-init-triggers" type="custom.MCC-InitTriggers" enforce-restart="false">
                <description/>
                <parameters/>
            </step>
        </flow>
        <rules/>
        <triggers>
            <run-once enabled="false">
                <date>2017-06-19Z</date>
                <time>08:16:12.000Z</time>
            </run-once>
        </triggers>
    </job>

    <job job-id="AWS_download" priority="0">
        <description/>
        <parameters/>
        <flow>
            <context site-id="RefArch"/>
            <step step-id="image_download" type="custom.awsImageDownload" enforce-restart="false">
                <description/>
                <parameters/>
            </step>
        </flow>
        <rules/>
        <triggers>
            <run-once enabled="true">
                <date>2022-02-21Z</date>
                <time>13:01:29.000Z</time>
            </run-once>
        </triggers>
    </job>

    <job job-id="abccc" priority="0">
        <description/>
        <parameters/>
        <rules/>
        <triggers>
            <run-once enabled="false">
                <date>2022-03-02Z</date>
                <time>14:25:35.000Z</time>
            </run-once>
        </triggers>
    </job>

    <job job-id="ashishJobFileDataCopy" priority="0">
        <description>To copy file data to new CSV file</description>
        <parameters/>
        <flow>
            <context site-id="Ashish_Site"/>
            <step step-id="dataCopy" type="ExecuteScriptModule" enforce-restart="false">
                <description>Data copy to new File</description>
                <parameters>
                    <parameter name="ExecuteScriptModule.Module">app_Ashish_custom/cartridge/scripts/convertFile.js</parameter>
                    <parameter name="ExecuteScriptModule.FunctionName">execute</parameter>
                    <parameter name="ExecuteScriptModule.Transactional">false</parameter>
                </parameters>
            </step>
        </flow>
        <rules/>
        <triggers>
            <run-once enabled="false">
                <date>2022-03-01Z</date>
                <time>05:53:36.000Z</time>
            </run-once>
        </triggers>
    </job>

    <job job-id="dynamic-test" priority="0">
        <description/>
        <parameters/>
        <flow>
            <context site-id="ankit-site"/>
            <step step-id="executeExportOrderScript" type="ExecuteScriptModule" enforce-restart="false">
                <description>It will export the orders.</description>
                <parameters>
                    <parameter name="ExecuteScriptModule.Module">app_ankit_custom/cartridge/scripts/orderToXML.js</parameter>
                    <parameter name="ExecuteScriptModule.FunctionName">execute</parameter>
                    <parameter name="ExecuteScriptModule.Transactional">false</parameter>
                </parameters>
            </step>
        </flow>
        <rules/>
        <triggers>
            <run-once enabled="false">
                <date>2022-02-24Z</date>
                <time>07:51:38.000Z</time>
            </run-once>
        </triggers>
    </job>

    <job job-id="b2ccrmsync" priority="0">
        <description/>
        <parameters/>
        <rules/>
        <triggers>
            <run-once enabled="false">
                <date>2022-03-02Z</date>
                <time>11:23:35.000Z</time>
            </run-once>
        </triggers>
    </job>

</jobs>
