<?xml version="1.0" encoding="UTF-8"?>
<oauth-providers xmlns="http://www.demandware.com/xml/impex/oauthprovider/2013-07-16">
    <oauth-provider provider-id="Facebook">
        <description>Facebook OAuth Provider</description>
        <client-id>4646846405443639</client-id>
        <client-secret>1403df2fc10986f62126ca61bc300c2b</client-secret>
        <scopes>email</scopes>
        <authorization-url>https://www.facebook.com/dialog/oauth</authorization-url>
        <token-url>https://graph.facebook.com/oauth/access_token</token-url>
        <user-info-url>https://graph.facebook.com/me?fields=email</user-info-url>
        <access-token-name>access_token</access-token-name>
        <redirect-pipeline-node>Login-OAuthReentry</redirect-pipeline-node>
    </oauth-provider>

    <oauth-provider provider-id="Google">
        <description>GooglePlus OAuth Provider (replaces Google legacy provider which shuts down 2014.9.1)</description>
        <client-id>907226773991-33fk58fj07tthkm4koh1uvvc9dar9hp2.apps.googleusercontent.com</client-id>
        <client-secret>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</client-secret>
        <scopes>email,profile</scopes>
        <authorization-url>https://accounts.google.com/o/oauth2/auth</authorization-url>
        <token-url>https://accounts.google.com/o/oauth2/token</token-url>
        <user-info-url>https://www.googleapis.com/oauth2/v3/userinfo</user-info-url>
        <access-token-name>access_token</access-token-name>
        <redirect-pipeline-node>Login-OAuthReentryGoogle</redirect-pipeline-node>
    </oauth-provider>

</oauth-providers>
