<?xml version="1.0" encoding="UTF-8"?>
<preferences xmlns="http://www.demandware.com/xml/impex/preferences/2007-03-31">
    <standard-preferences>
        <all-instances>
            <preference preference-id="ActiveLocales">de:it_IT:fr_CA:en_AU:en:it:fr:fr_FR:ja_JP:es:zh:de_DE:default:en_GB:en_CA:en_US:ja:zh_ES:zh_CN:nl</preference>
            <preference preference-id="CustomCartridges">bm_avatax:bm_partner_aarch:app_storefront_base:bm_custom_plugin</preference>
            <preference preference-id="CustomEmailConfiguration">{"enabled":false}</preference>
            <preference preference-id="CustomImpexFolders"/>
            <preference preference-id="CustomProductListColumns">null:null:null:null:null</preference>
            <preference preference-id="DefaultRolesBMUser"/>
            <preference preference-id="EnableSalesforceIPAddressWhitelist">false</preference>
            <preference preference-id="IPAddressBlacklist"/>
            <preference preference-id="IPAddressDenyAccess">false</preference>
            <preference preference-id="IPAddressIncreaseFailureCount">false</preference>
            <preference preference-id="IPAddressLogAccess">false</preference>
            <preference preference-id="IPAddressSendEmailTo"/>
            <preference preference-id="IPAddressWhitelist"/>
            <preference preference-id="InstanceTimezone">US/Eastern</preference>
            <preference preference-id="OverridingPriceBooksEnabled">false</preference>
            <preference preference-id="QuotaNotificationEnableEmail">false</preference>
            <preference preference-id="SSOSupportState">sso_only</preference>
            <preference preference-id="SystemUseNotificationEnabled">false</preference>
            <preference preference-id="SystemUseNotificationMandatory">false</preference>
        </all-instances>
        <development/>
        <staging/>
        <production/>
    </standard-preferences>
    <custom-preferences>
        <all-instances/>
        <development>
            <preference preference-id="ApproverEmail">kishan@cyntexa.com</preference>
        </development>
        <staging/>
        <production/>
    </custom-preferences>
</preferences>

