<?xml version="1.0" encoding="UTF-8"?>
<services xmlns="http://www.demandware.com/xml/impex/services/2014-09-26">
    <service-credential service-credential-id="AshishCartridge.Credentials">
        <url>http://data.fixer.io/api/latest?access_key=a592c425d069c8749a0898bed2a01c00&amp;symbols=USD,AUD,CAD,PLN,MXN,SGD,BND,INR,LRD</url>
        <user-id/>
        <password masked="true">********</password>
    </service-credential>

    <service-credential service-credential-id="AshishMap.Cred">
        <url>http://dev.virtualearth.net/REST/V1/Routes</url>
        <user-id/>
        <password masked="true">********</password>
    </service-credential>

    <service-credential service-credential-id="BingMap.Api.Credentials">
        <url>https://dev.virtualearth.net/REST/V1/Routes/?key=Av3ARCBiIA0rj1SddJW-mv-2qYP8kGc8eKhvz_pYaqsOXeOmiz9mIdMbHVOZMPRn</url>
        <user-id/>
        <password masked="true">********</password>
    </service-credential>

    <service-credential service-credential-id="BingMap.Gaurav.Credentials">
        <url>https://dev.virtualearth.net/REST/V1/Routes/?key=AqaRNS0OMOS9Xd-RuovjS60CZWTuLvYu5xDqjzyJK-jtEwMdl5k-Qniz7BbgqhJ8</url>
        <user-id/>
        <password masked="true">********</password>
    </service-credential>

    <service-credential service-credential-id="CreateCustomer.Gaurav.Credentials">
        <url>https://zydf-001.sandbox.us01.dx.commercecloud.salesforce.com/s/Gaurav_Meena/dw/shop/v21_10/customers</url>
        <user-id/>
        <password masked="true">********</password>
    </service-credential>

    <service-credential service-credential-id="Customer.Gaurav.Credentials">
        <url>https://zydf-001.sandbox.us01.dx.commercecloud.salesforce.com/dw/oauth2/access_token</url>
        <user-id>client_id</user-id>
        <password masked="true">********</password>
    </service-credential>

    <service-credential service-credential-id="DeleteImage">
        <url/>
        <user-id/>
        <password masked="true">********</password>
    </service-credential>

    <service-credential service-credential-id="Distance.Calculator.Service.Ramesh.Cred">
        <url>http://dev.virtualearth.net/REST/V1/Routes</url>
        <user-id/>
        <password masked="true">********</password>
    </service-credential>

    <service-credential service-credential-id="Google Cloud">
        <url>http://30e7-2402-e280-231d-13e-29d3-fef3-5eb1-7ce2.ngrok.io/upload</url>
        <user-id/>
        <password masked="true">********</password>
    </service-credential>

    <service-credential service-credential-id="Image">
        <url/>
        <user-id>honey@test.com</user-id>
        <password masked="true">********</password>
    </service-credential>

    <service-credential service-credential-id="MagicCartridge.Job.Credentials">
        <url>https://unpkg.com/react@16/umd/react.production.min.js</url>
        <user-id/>
        <password masked="true">********</password>
    </service-credential>

    <service-credential service-credential-id="MagicCartridge.Job.Credentials4">
        <url>https://unpkg.com/react@16/umd/react.production.min.js</url>
        <user-id/>
        <password masked="true">********</password>
    </service-credential>

    <service-credential service-credential-id="Order History Job Execution">
        <url>https://zydf-001.sandbox.us01.dx.commercecloud.salesforce.com/s/-/dw/data/v21_10/jobs/productOrderHistory/executions</url>
        <user-id/>
        <password masked="true">********</password>
    </service-credential>

    <service-credential service-credential-id="RefArch.cloudinary.rest.creds">
        <url>https://api.cloudinary.com/v1_1/</url>
        <user-id/>
        <password masked="true">********</password>
    </service-credential>

    <service-credential service-credential-id="SiteGenesis.cloudinary.rest.creds">
        <url>https://api.cloudinary.com/v1_1/</url>
        <user-id/>
        <password masked="true">********</password>
    </service-credential>

    <service-credential service-credential-id="Webdav">
        <url/>
        <user-id>honey@test.com</user-id>
        <password masked="true">********</password>
    </service-credential>

    <service-credential service-credential-id="accessToken">
        <url>https://zydf-001.sandbox.us01.dx.commercecloud.salesforce.com/dw/oauth2/access_token</url>
        <user-id/>
        <password masked="true">********</password>
    </service-credential>

    <service-credential service-credential-id="b2ccrmsync.RefArch">
        <url>https://login.salesforce.com/services/oauth2/token</url>
        <user-id>ram@cyntexa.com</user-id>
        <password masked="true">********</password>
        <custom-attributes>
            <custom-attribute attribute-id="consumerKey">jsU9mvIJYdcfvnu9gVFQ08ipR4HpvVcK6PhuJFzPgDIfqsyeorWsXzcry8qAwH665SF7lLc4txXVxppxGCtzSEkcXK8HxREjof5K1phsAgQCfBtFEFDte6Od1gKyKc-6</custom-attribute>
            <custom-attribute attribute-id="consumerSecret">C1t9yTZuSO5antrm9GjH3qPcLvR83J3OthZXlHgNL9uxrQbdeHxRflpLed02ecmQv7yp/wB8IzF+sZUiIOVBxw==</custom-attribute>
        </custom-attributes>
    </service-credential>

    <service-credential service-credential-id="b2ccrmsync.RefArchGlobal">
        <url>https://login.salesforce.com/services/oauth2/token</url>
        <user-id>ram@cyntexa.com</user-id>
        <password masked="true">********</password>
        <custom-attributes>
            <custom-attribute attribute-id="consumerKey">VDKLTtbOe6mx3imy_047FVPhoNK-KGY0B1blf7ba14Ijl4n7p6l4A439ATJ2muzhxjVPMwmqrDYK9AuQ5gtO4xXk6i5GijjwBh0wiggQQ9-JIoiYktkuArBYaGbnKw6J</custom-attribute>
            <custom-attribute attribute-id="consumerSecret">rCi7Vao0/V1iD5Cd2lDEJG5Pv2CWhcjGBQsiuSGO8tJNs0JJfUKBUMCKsJfPkkWaigc3uCtGxbcZNes5d8P7NQ==</custom-attribute>
        </custom-attributes>
    </service-credential>

    <service-credential service-credential-id="cloudinary.rest.creds">
        <url>https://api.cloudinary.com/v1_1/</url>
        <user-id/>
        <password masked="true">********</password>
    </service-credential>

    <service-credential service-credential-id="cloudinary.rest.list.creds">
        <url>https://res.cloudinary.com/[cloudname]</url>
        <user-id/>
        <password masked="true">********</password>
    </service-credential>

    <service-credential service-credential-id="credential.uploadImage">
        <url/>
        <user-id/>
        <password masked="true">********</password>
    </service-credential>

    <service-credential service-credential-id="credentials.avatax.rest">
        <url>https://sandbox-rest.avatax.com/</url>
        <user-id>userid</user-id>
        <password masked="true">********</password>
    </service-credential>

    <service-credential service-credential-id="deleteImageCred">
        <url/>
        <user-id/>
        <password masked="true">********</password>
    </service-credential>

    <service-credential service-credential-id="getImage">
        <url/>
        <user-id/>
        <password masked="true">********</password>
    </service-credential>

    <service-credential service-credential-id="logentries.avatax.rest">
        <url>https://webhook.logentries.com/noformat/logs/</url>
        <user-id/>
        <password masked="true">********</password>
    </service-credential>

    <service-credential service-credential-id="marketingcloud.rest.auth">
        <url>https://mc6vgk-sxj9p08pqwxqz9hw9-4my.auth.marketingcloudapis.com/v2/token</url>
        <user-id>75m2dvqbe6004et42cqq40ul</user-id>
        <password masked="true">********</password>
    </service-credential>

    <service-credential service-credential-id="marketingcloud.sftp">
        <url>ftp.YOUR_INSTANCE.exacttarget.com</url>
        <user-id>SFTP USER ID</user-id>
        <password masked="true">********</password>
    </service-credential>

    <service-credential service-credential-id="offlineSet">
        <url/>
        <user-id/>
        <password masked="true">********</password>
    </service-credential>

    <service-credential service-credential-id="offlineSetCreds">
        <url/>
        <user-id/>
        <password masked="true">********</password>
    </service-credential>

    <service-credential service-credential-id="pendingCred">
        <url>https://zydf-002.sandbox.us01.dx.commercecloud.salesforce.com/s/-/dw/data/v21_10/jobs/Create_pending_folder/executions</url>
        <user-id/>
        <password masked="true">********</password>
    </service-credential>

    <service-credential service-credential-id="productXMLupload">
        <url>https://zydf-002.sandbox.us01.dx.commercecloud.salesforce.com/s/-/dw/data/v21_10/jobs/productExport/executions</url>
        <user-id/>
        <password masked="true">********</password>
    </service-credential>

    <service-credential service-credential-id="yogendraCreds">
        <url>https://zydf-002.sandbox.us01.dx.commercecloud.salesforce.com/s/-/dw/data/v21_10/jobs/productOrderHistory/executions</url>
        <user-id/>
        <password masked="true">********</password>
    </service-credential>

    <service-profile service-profile-id="AshishCartridge.Profile">
        <timeout-millis>1000</timeout-millis>
        <rate-limit-enabled>false</rate-limit-enabled>
        <rate-limit-calls>0</rate-limit-calls>
        <rate-limit-millis>0</rate-limit-millis>
        <cb-enabled>true</cb-enabled>
        <cb-calls>0</cb-calls>
        <cb-millis>0</cb-millis>
    </service-profile>

    <service-profile service-profile-id="AshishMap.Profile">
        <timeout-millis>1000</timeout-millis>
        <rate-limit-enabled>false</rate-limit-enabled>
        <rate-limit-calls>0</rate-limit-calls>
        <rate-limit-millis>0</rate-limit-millis>
        <cb-enabled>true</cb-enabled>
        <cb-calls>0</cb-calls>
        <cb-millis>0</cb-millis>
    </service-profile>

    <service-profile service-profile-id="BingMap.Api.Profile">
        <timeout-millis>2000</timeout-millis>
        <rate-limit-enabled>false</rate-limit-enabled>
        <rate-limit-calls>0</rate-limit-calls>
        <rate-limit-millis>0</rate-limit-millis>
        <cb-enabled>true</cb-enabled>
        <cb-calls>0</cb-calls>
        <cb-millis>0</cb-millis>
    </service-profile>

    <service-profile service-profile-id="BingMap.Gaurav.Profile">
        <timeout-millis>2000</timeout-millis>
        <rate-limit-enabled>false</rate-limit-enabled>
        <rate-limit-calls>0</rate-limit-calls>
        <rate-limit-millis>0</rate-limit-millis>
        <cb-enabled>true</cb-enabled>
        <cb-calls>0</cb-calls>
        <cb-millis>0</cb-millis>
    </service-profile>

    <service-profile service-profile-id="CreateCustomer.Gaurav.Profile">
        <timeout-millis>2000</timeout-millis>
        <rate-limit-enabled>false</rate-limit-enabled>
        <rate-limit-calls>0</rate-limit-calls>
        <rate-limit-millis>0</rate-limit-millis>
        <cb-enabled>true</cb-enabled>
        <cb-calls>0</cb-calls>
        <cb-millis>0</cb-millis>
    </service-profile>

    <service-profile service-profile-id="Customer.Gaurav.Profile">
        <timeout-millis>2000</timeout-millis>
        <rate-limit-enabled>false</rate-limit-enabled>
        <rate-limit-calls>0</rate-limit-calls>
        <rate-limit-millis>0</rate-limit-millis>
        <cb-enabled>true</cb-enabled>
        <cb-calls>0</cb-calls>
        <cb-millis>0</cb-millis>
    </service-profile>

    <service-profile service-profile-id="Delete image">
        <timeout-millis>500</timeout-millis>
        <rate-limit-enabled>false</rate-limit-enabled>
        <rate-limit-calls>0</rate-limit-calls>
        <rate-limit-millis>0</rate-limit-millis>
        <cb-enabled>true</cb-enabled>
        <cb-calls>0</cb-calls>
        <cb-millis>0</cb-millis>
    </service-profile>

    <service-profile service-profile-id="Distance.Calculator.Service.Ramesh.Profile">
        <timeout-millis>3000</timeout-millis>
        <rate-limit-enabled>false</rate-limit-enabled>
        <rate-limit-calls>0</rate-limit-calls>
        <rate-limit-millis>0</rate-limit-millis>
        <cb-enabled>true</cb-enabled>
        <cb-calls>0</cb-calls>
        <cb-millis>0</cb-millis>
    </service-profile>

    <service-profile service-profile-id="Google Cloud">
        <timeout-millis>1000</timeout-millis>
        <rate-limit-enabled>false</rate-limit-enabled>
        <rate-limit-calls>0</rate-limit-calls>
        <rate-limit-millis>0</rate-limit-millis>
        <cb-enabled>true</cb-enabled>
        <cb-calls>0</cb-calls>
        <cb-millis>0</cb-millis>
    </service-profile>

    <service-profile service-profile-id="MagicCartridge.Job.Profile4">
        <timeout-millis>1000</timeout-millis>
        <rate-limit-enabled>false</rate-limit-enabled>
        <rate-limit-calls>0</rate-limit-calls>
        <rate-limit-millis>0</rate-limit-millis>
        <cb-enabled>true</cb-enabled>
        <cb-calls>0</cb-calls>
        <cb-millis>0</cb-millis>
    </service-profile>

    <service-profile service-profile-id="Order History Job Profile">
        <timeout-millis>1000</timeout-millis>
        <rate-limit-enabled>false</rate-limit-enabled>
        <rate-limit-calls>0</rate-limit-calls>
        <rate-limit-millis>0</rate-limit-millis>
        <cb-enabled>true</cb-enabled>
        <cb-calls>0</cb-calls>
        <cb-millis>0</cb-millis>
    </service-profile>

    <service-profile service-profile-id="Webdav.profile">
        <timeout-millis>1000</timeout-millis>
        <rate-limit-enabled>false</rate-limit-enabled>
        <rate-limit-calls>0</rate-limit-calls>
        <rate-limit-millis>0</rate-limit-millis>
        <cb-enabled>true</cb-enabled>
        <cb-calls>0</cb-calls>
        <cb-millis>0</cb-millis>
    </service-profile>

    <service-profile service-profile-id="accessToken">
        <timeout-millis>20000</timeout-millis>
        <rate-limit-enabled>false</rate-limit-enabled>
        <rate-limit-calls>0</rate-limit-calls>
        <rate-limit-millis>0</rate-limit-millis>
        <cb-enabled>true</cb-enabled>
        <cb-calls>0</cb-calls>
        <cb-millis>0</cb-millis>
    </service-profile>

    <service-profile service-profile-id="accessTokenProfile">
        <timeout-millis>10000</timeout-millis>
        <rate-limit-enabled>false</rate-limit-enabled>
        <rate-limit-calls>0</rate-limit-calls>
        <rate-limit-millis>0</rate-limit-millis>
        <cb-enabled>true</cb-enabled>
        <cb-calls>0</cb-calls>
        <cb-millis>0</cb-millis>
    </service-profile>

    <service-profile service-profile-id="b2ccrmsync.RefArch">
        <timeout-millis>10000</timeout-millis>
        <rate-limit-enabled>false</rate-limit-enabled>
        <rate-limit-calls>0</rate-limit-calls>
        <rate-limit-millis>0</rate-limit-millis>
        <cb-enabled>true</cb-enabled>
        <cb-calls>2</cb-calls>
        <cb-millis>100</cb-millis>
    </service-profile>

    <service-profile service-profile-id="b2ccrmsync.RefArchGlobal">
        <timeout-millis>10000</timeout-millis>
        <rate-limit-enabled>false</rate-limit-enabled>
        <rate-limit-calls>0</rate-limit-calls>
        <rate-limit-millis>0</rate-limit-millis>
        <cb-enabled>true</cb-enabled>
        <cb-calls>2</cb-calls>
        <cb-millis>100</cb-millis>
    </service-profile>

    <service-profile service-profile-id="cloudinary.rest.list.profile">
        <timeout-millis>5000</timeout-millis>
        <rate-limit-enabled>false</rate-limit-enabled>
        <rate-limit-calls>5</rate-limit-calls>
        <rate-limit-millis>1000</rate-limit-millis>
        <cb-enabled>true</cb-enabled>
        <cb-calls>10</cb-calls>
        <cb-millis>5000</cb-millis>
    </service-profile>

    <service-profile service-profile-id="cloudinary.rest.upload.profile">
        <timeout-millis>5000</timeout-millis>
        <rate-limit-enabled>false</rate-limit-enabled>
        <rate-limit-calls>5</rate-limit-calls>
        <rate-limit-millis>1000</rate-limit-millis>
        <cb-enabled>true</cb-enabled>
        <cb-calls>10</cb-calls>
        <cb-millis>5000</cb-millis>
    </service-profile>

    <service-profile service-profile-id="deleteImageProf">
        <timeout-millis>10000</timeout-millis>
        <rate-limit-enabled>false</rate-limit-enabled>
        <rate-limit-calls>0</rate-limit-calls>
        <rate-limit-millis>0</rate-limit-millis>
        <cb-enabled>true</cb-enabled>
        <cb-calls>0</cb-calls>
        <cb-millis>0</cb-millis>
    </service-profile>

    <service-profile service-profile-id="getImage">
        <timeout-millis>500</timeout-millis>
        <rate-limit-enabled>false</rate-limit-enabled>
        <rate-limit-calls>0</rate-limit-calls>
        <rate-limit-millis>0</rate-limit-millis>
        <cb-enabled>true</cb-enabled>
        <cb-calls>0</cb-calls>
        <cb-millis>0</cb-millis>
    </service-profile>

    <service-profile service-profile-id="imageprofile">
        <timeout-millis>1000</timeout-millis>
        <rate-limit-enabled>false</rate-limit-enabled>
        <rate-limit-calls>0</rate-limit-calls>
        <rate-limit-millis>0</rate-limit-millis>
        <cb-enabled>true</cb-enabled>
        <cb-calls>0</cb-calls>
        <cb-millis>0</cb-millis>
    </service-profile>

    <service-profile service-profile-id="logentries.avatax.profile">
        <timeout-millis>20000</timeout-millis>
        <rate-limit-enabled>false</rate-limit-enabled>
        <rate-limit-calls>0</rate-limit-calls>
        <rate-limit-millis>0</rate-limit-millis>
        <cb-enabled>false</cb-enabled>
        <cb-calls>0</cb-calls>
        <cb-millis>0</cb-millis>
    </service-profile>

    <service-profile service-profile-id="marketingcloud.rest">
        <timeout-millis>0</timeout-millis>
        <rate-limit-enabled>false</rate-limit-enabled>
        <rate-limit-calls>0</rate-limit-calls>
        <rate-limit-millis>0</rate-limit-millis>
        <cb-enabled>false</cb-enabled>
        <cb-calls>0</cb-calls>
        <cb-millis>0</cb-millis>
    </service-profile>

    <service-profile service-profile-id="marketingcloud.sftp">
        <timeout-millis>0</timeout-millis>
        <rate-limit-enabled>false</rate-limit-enabled>
        <rate-limit-calls>0</rate-limit-calls>
        <rate-limit-millis>0</rate-limit-millis>
        <cb-enabled>false</cb-enabled>
        <cb-calls>0</cb-calls>
        <cb-millis>0</cb-millis>
    </service-profile>

    <service-profile service-profile-id="marketingcloud.soap">
        <timeout-millis>0</timeout-millis>
        <rate-limit-enabled>false</rate-limit-enabled>
        <rate-limit-calls>0</rate-limit-calls>
        <rate-limit-millis>0</rate-limit-millis>
        <cb-enabled>false</cb-enabled>
        <cb-calls>0</cb-calls>
        <cb-millis>0</cb-millis>
    </service-profile>

    <service-profile service-profile-id="offlineSet">
        <timeout-millis>1000</timeout-millis>
        <rate-limit-enabled>false</rate-limit-enabled>
        <rate-limit-calls>0</rate-limit-calls>
        <rate-limit-millis>0</rate-limit-millis>
        <cb-enabled>true</cb-enabled>
        <cb-calls>0</cb-calls>
        <cb-millis>0</cb-millis>
    </service-profile>

    <service-profile service-profile-id="offlineSetProfile">
        <timeout-millis>10000</timeout-millis>
        <rate-limit-enabled>false</rate-limit-enabled>
        <rate-limit-calls>0</rate-limit-calls>
        <rate-limit-millis>0</rate-limit-millis>
        <cb-enabled>true</cb-enabled>
        <cb-calls>0</cb-calls>
        <cb-millis>0</cb-millis>
    </service-profile>

    <service-profile service-profile-id="pendingProfile">
        <timeout-millis>1000</timeout-millis>
        <rate-limit-enabled>false</rate-limit-enabled>
        <rate-limit-calls>0</rate-limit-calls>
        <rate-limit-millis>0</rate-limit-millis>
        <cb-enabled>true</cb-enabled>
        <cb-calls>0</cb-calls>
        <cb-millis>0</cb-millis>
    </service-profile>

    <service-profile service-profile-id="productXMLprofile">
        <timeout-millis>1000</timeout-millis>
        <rate-limit-enabled>false</rate-limit-enabled>
        <rate-limit-calls>0</rate-limit-calls>
        <rate-limit-millis>0</rate-limit-millis>
        <cb-enabled>true</cb-enabled>
        <cb-calls>0</cb-calls>
        <cb-millis>0</cb-millis>
    </service-profile>

    <service-profile service-profile-id="profile.avatax.rest">
        <timeout-millis>3000</timeout-millis>
        <rate-limit-enabled>false</rate-limit-enabled>
        <rate-limit-calls>0</rate-limit-calls>
        <rate-limit-millis>0</rate-limit-millis>
        <cb-enabled>false</cb-enabled>
        <cb-calls>0</cb-calls>
        <cb-millis>0</cb-millis>
    </service-profile>

    <service-profile service-profile-id="profile.uploadImage">
        <timeout-millis>1000</timeout-millis>
        <rate-limit-enabled>false</rate-limit-enabled>
        <rate-limit-calls>0</rate-limit-calls>
        <rate-limit-millis>0</rate-limit-millis>
        <cb-enabled>true</cb-enabled>
        <cb-calls>0</cb-calls>
        <cb-millis>0</cb-millis>
    </service-profile>

    <service-profile service-profile-id="yogendraProfile">
        <timeout-millis>500</timeout-millis>
        <rate-limit-enabled>false</rate-limit-enabled>
        <rate-limit-calls>0</rate-limit-calls>
        <rate-limit-millis>0</rate-limit-millis>
        <cb-enabled>true</cb-enabled>
        <cb-calls>0</cb-calls>
        <cb-millis>0</cb-millis>
    </service-profile>

    <service service-id="AccessToken">
        <service-type>HTTP</service-type>
        <enabled>true</enabled>
        <log-prefix/>
        <comm-log-enabled>false</comm-log-enabled>
        <force-prd-enabled>true</force-prd-enabled>
        <mock-mode-enabled>false</mock-mode-enabled>
        <profile-id>accessToken</profile-id>
        <credential-id>accessToken</credential-id>
    </service>

    <service service-id="AshishCartridge.Service">
        <service-type>HTTP</service-type>
        <enabled>true</enabled>
        <log-prefix/>
        <comm-log-enabled>false</comm-log-enabled>
        <force-prd-enabled>true</force-prd-enabled>
        <mock-mode-enabled>false</mock-mode-enabled>
        <profile-id>AshishCartridge.Profile</profile-id>
        <credential-id>AshishCartridge.Credentials</credential-id>
    </service>

    <service service-id="AshishMap.Service">
        <service-type>HTTP</service-type>
        <enabled>true</enabled>
        <log-prefix/>
        <comm-log-enabled>false</comm-log-enabled>
        <force-prd-enabled>true</force-prd-enabled>
        <mock-mode-enabled>false</mock-mode-enabled>
        <profile-id>AshishMap.Profile</profile-id>
        <credential-id>AshishMap.Cred</credential-id>
    </service>

    <service service-id="BingMap.Api.Service">
        <service-type>HTTP</service-type>
        <enabled>true</enabled>
        <log-prefix/>
        <comm-log-enabled>false</comm-log-enabled>
        <force-prd-enabled>true</force-prd-enabled>
        <mock-mode-enabled>false</mock-mode-enabled>
        <profile-id>BingMap.Api.Profile</profile-id>
        <credential-id>BingMap.Api.Credentials</credential-id>
    </service>

    <service service-id="BingMap.Gaurav.Service">
        <service-type>HTTP</service-type>
        <enabled>true</enabled>
        <log-prefix/>
        <comm-log-enabled>false</comm-log-enabled>
        <force-prd-enabled>true</force-prd-enabled>
        <mock-mode-enabled>false</mock-mode-enabled>
        <profile-id>BingMap.Gaurav.Profile</profile-id>
        <credential-id>BingMap.Gaurav.Credentials</credential-id>
    </service>

    <service service-id="CreateCustomer.Gaurav.Service">
        <service-type>HTTP</service-type>
        <enabled>true</enabled>
        <log-prefix/>
        <comm-log-enabled>false</comm-log-enabled>
        <force-prd-enabled>true</force-prd-enabled>
        <mock-mode-enabled>false</mock-mode-enabled>
        <profile-id>CreateCustomer.Gaurav.Profile</profile-id>
        <credential-id>CreateCustomer.Gaurav.Credentials</credential-id>
    </service>

    <service service-id="Customer.Gaurav.Service">
        <service-type>HTTP</service-type>
        <enabled>true</enabled>
        <log-prefix/>
        <comm-log-enabled>false</comm-log-enabled>
        <force-prd-enabled>true</force-prd-enabled>
        <mock-mode-enabled>false</mock-mode-enabled>
        <profile-id>Customer.Gaurav.Profile</profile-id>
        <credential-id>Customer.Gaurav.Credentials</credential-id>
    </service>

    <service service-id="Distance.Calculator.Service.Ramesh">
        <service-type>HTTP</service-type>
        <enabled>true</enabled>
        <log-prefix/>
        <comm-log-enabled>false</comm-log-enabled>
        <force-prd-enabled>true</force-prd-enabled>
        <mock-mode-enabled>false</mock-mode-enabled>
        <profile-id>Distance.Calculator.Service.Ramesh.Profile</profile-id>
        <credential-id>Distance.Calculator.Service.Ramesh.Cred</credential-id>
    </service>

    <service service-id="GoogleCloud">
        <service-type>HTTP</service-type>
        <enabled>true</enabled>
        <log-prefix/>
        <comm-log-enabled>false</comm-log-enabled>
        <force-prd-enabled>true</force-prd-enabled>
        <mock-mode-enabled>false</mock-mode-enabled>
        <profile-id>Google Cloud</profile-id>
        <credential-id>Google Cloud</credential-id>
    </service>

    <service service-id="MagicCartridge.Job.Service">
        <service-type>HTTP</service-type>
        <enabled>true</enabled>
        <log-prefix/>
        <comm-log-enabled>false</comm-log-enabled>
        <force-prd-enabled>true</force-prd-enabled>
        <mock-mode-enabled>false</mock-mode-enabled>
        <profile-id/>
        <credential-id>MagicCartridge.Job.Credentials</credential-id>
    </service>

    <service service-id="MagicCartridge.Job.Service4">
        <service-type>HTTP</service-type>
        <enabled>true</enabled>
        <log-prefix/>
        <comm-log-enabled>false</comm-log-enabled>
        <force-prd-enabled>true</force-prd-enabled>
        <mock-mode-enabled>false</mock-mode-enabled>
        <profile-id>MagicCartridge.Job.Profile4</profile-id>
        <credential-id>MagicCartridge.Job.Credentials4</credential-id>
    </service>

    <service service-id="SendOrderHistory">
        <service-type>HTTP</service-type>
        <enabled>true</enabled>
        <log-prefix/>
        <comm-log-enabled>false</comm-log-enabled>
        <force-prd-enabled>true</force-prd-enabled>
        <mock-mode-enabled>false</mock-mode-enabled>
        <profile-id>Order History Job Profile</profile-id>
        <credential-id>Order History Job Execution</credential-id>
    </service>

    <service service-id="avatax.rest.all">
        <service-type>HTTP</service-type>
        <enabled>true</enabled>
        <log-prefix/>
        <comm-log-enabled>true</comm-log-enabled>
        <force-prd-enabled>false</force-prd-enabled>
        <mock-mode-enabled>false</mock-mode-enabled>
        <profile-id>profile.avatax.rest</profile-id>
        <credential-id>credentials.avatax.rest</credential-id>
    </service>

    <service service-id="b2ccrmsync.auth.RefArch">
        <service-type>HTTP</service-type>
        <enabled>true</enabled>
        <log-prefix>bcs_auth_RefArch</log-prefix>
        <comm-log-enabled>true</comm-log-enabled>
        <force-prd-enabled>false</force-prd-enabled>
        <mock-mode-enabled>false</mock-mode-enabled>
        <profile-id>b2ccrmsync.RefArch</profile-id>
        <credential-id>b2ccrmsync.RefArch</credential-id>
    </service>

    <service service-id="b2ccrmsync.auth.RefArchGlobal">
        <service-type>HTTP</service-type>
        <enabled>true</enabled>
        <log-prefix>bcs_auth_RefArchGlobal</log-prefix>
        <comm-log-enabled>true</comm-log-enabled>
        <force-prd-enabled>false</force-prd-enabled>
        <mock-mode-enabled>false</mock-mode-enabled>
        <profile-id>b2ccrmsync.RefArchGlobal</profile-id>
        <credential-id>b2ccrmsync.RefArchGlobal</credential-id>
    </service>

    <service service-id="b2ccrmsync.rest.RefArch">
        <service-type>HTTP</service-type>
        <enabled>true</enabled>
        <log-prefix>bcs_rest_RefArch</log-prefix>
        <comm-log-enabled>true</comm-log-enabled>
        <force-prd-enabled>false</force-prd-enabled>
        <mock-mode-enabled>false</mock-mode-enabled>
        <profile-id>b2ccrmsync.RefArch</profile-id>
        <credential-id/>
    </service>

    <service service-id="b2ccrmsync.rest.RefArchGlobal">
        <service-type>HTTP</service-type>
        <enabled>true</enabled>
        <log-prefix>bcs_rest_RefArchGlobal</log-prefix>
        <comm-log-enabled>true</comm-log-enabled>
        <force-prd-enabled>false</force-prd-enabled>
        <mock-mode-enabled>false</mock-mode-enabled>
        <profile-id>b2ccrmsync.RefArchGlobal</profile-id>
        <credential-id/>
    </service>

    <service service-id="cloudinary.rest.list">
        <service-type>HTTP</service-type>
        <enabled>true</enabled>
        <log-prefix>cldList</log-prefix>
        <comm-log-enabled>false</comm-log-enabled>
        <force-prd-enabled>false</force-prd-enabled>
        <mock-mode-enabled>false</mock-mode-enabled>
        <profile-id>cloudinary.rest.list.profile</profile-id>
        <credential-id>cloudinary.rest.list.creds</credential-id>
    </service>

    <service service-id="cloudinary.rest.upload">
        <service-type>HTTP</service-type>
        <enabled>true</enabled>
        <log-prefix>cldUpload</log-prefix>
        <comm-log-enabled>false</comm-log-enabled>
        <force-prd-enabled>false</force-prd-enabled>
        <mock-mode-enabled>false</mock-mode-enabled>
        <profile-id>cloudinary.rest.upload.profile</profile-id>
        <credential-id/>
    </service>

    <service service-id="deleteImage">
        <service-type>HTTP</service-type>
        <enabled>true</enabled>
        <log-prefix/>
        <comm-log-enabled>false</comm-log-enabled>
        <force-prd-enabled>true</force-prd-enabled>
        <mock-mode-enabled>false</mock-mode-enabled>
        <profile-id>Delete image</profile-id>
        <credential-id>DeleteImage</credential-id>
    </service>

    <service service-id="deleteImages">
        <service-type>HTTP</service-type>
        <enabled>true</enabled>
        <log-prefix/>
        <comm-log-enabled>false</comm-log-enabled>
        <force-prd-enabled>true</force-prd-enabled>
        <mock-mode-enabled>false</mock-mode-enabled>
        <profile-id>deleteImageProf</profile-id>
        <credential-id>deleteImageCred</credential-id>
    </service>

    <service service-id="getImage">
        <service-type>HTTP</service-type>
        <enabled>true</enabled>
        <log-prefix/>
        <comm-log-enabled>false</comm-log-enabled>
        <force-prd-enabled>true</force-prd-enabled>
        <mock-mode-enabled>false</mock-mode-enabled>
        <profile-id>getImage</profile-id>
        <credential-id>getImage</credential-id>
    </service>

    <service service-id="image.service">
        <service-type>HTTP</service-type>
        <enabled>true</enabled>
        <log-prefix/>
        <comm-log-enabled>false</comm-log-enabled>
        <force-prd-enabled>true</force-prd-enabled>
        <mock-mode-enabled>false</mock-mode-enabled>
        <profile-id>imageprofile</profile-id>
        <credential-id>Image</credential-id>
    </service>

    <service service-id="logentries.avatax.svc">
        <service-type>HTTP</service-type>
        <enabled>true</enabled>
        <log-prefix/>
        <comm-log-enabled>true</comm-log-enabled>
        <force-prd-enabled>false</force-prd-enabled>
        <mock-mode-enabled>false</mock-mode-enabled>
        <profile-id>logentries.avatax.profile</profile-id>
        <credential-id>logentries.avatax.rest</credential-id>
    </service>

    <service service-id="marketingcloud.rest.auth">
        <service-type>HTTP</service-type>
        <enabled>true</enabled>
        <log-prefix>marketingcloud_rest</log-prefix>
        <comm-log-enabled>true</comm-log-enabled>
        <force-prd-enabled>false</force-prd-enabled>
        <mock-mode-enabled>false</mock-mode-enabled>
        <profile-id>marketingcloud.rest</profile-id>
        <credential-id>marketingcloud.rest.auth</credential-id>
    </service>

    <service service-id="marketingcloud.rest.messaging.send">
        <service-type>HTTP</service-type>
        <enabled>true</enabled>
        <log-prefix>marketingcloud_rest</log-prefix>
        <comm-log-enabled>true</comm-log-enabled>
        <force-prd-enabled>false</force-prd-enabled>
        <mock-mode-enabled>false</mock-mode-enabled>
        <profile-id>marketingcloud.rest</profile-id>
        <credential-id/>
    </service>

    <service service-id="marketingcloud.sftp">
        <service-type>SFTP</service-type>
        <enabled>true</enabled>
        <log-prefix/>
        <comm-log-enabled>true</comm-log-enabled>
        <force-prd-enabled>false</force-prd-enabled>
        <mock-mode-enabled>false</mock-mode-enabled>
        <profile-id>marketingcloud.sftp</profile-id>
        <credential-id>marketingcloud.sftp</credential-id>
    </service>

    <service service-id="marketingcloud.soap.create">
        <service-type>SOAP</service-type>
        <enabled>true</enabled>
        <log-prefix>marketingcloud_soap</log-prefix>
        <comm-log-enabled>true</comm-log-enabled>
        <force-prd-enabled>false</force-prd-enabled>
        <mock-mode-enabled>false</mock-mode-enabled>
        <profile-id>marketingcloud.soap</profile-id>
        <credential-id/>
    </service>

    <service service-id="marketingcloud.soap.retrieve">
        <service-type>SOAP</service-type>
        <enabled>true</enabled>
        <log-prefix>marketingcloud_soap</log-prefix>
        <comm-log-enabled>true</comm-log-enabled>
        <force-prd-enabled>false</force-prd-enabled>
        <mock-mode-enabled>false</mock-mode-enabled>
        <profile-id>marketingcloud.soap</profile-id>
        <credential-id/>
    </service>

    <service service-id="offlineSet">
        <service-type>HTTP</service-type>
        <enabled>true</enabled>
        <log-prefix/>
        <comm-log-enabled>false</comm-log-enabled>
        <force-prd-enabled>true</force-prd-enabled>
        <mock-mode-enabled>false</mock-mode-enabled>
        <profile-id>offlineSet</profile-id>
        <credential-id>offlineSet</credential-id>
    </service>

    <service service-id="pending.service">
        <service-type>HTTP</service-type>
        <enabled>true</enabled>
        <log-prefix/>
        <comm-log-enabled>false</comm-log-enabled>
        <force-prd-enabled>true</force-prd-enabled>
        <mock-mode-enabled>false</mock-mode-enabled>
        <profile-id>pendingProfile</profile-id>
        <credential-id>pendingCred</credential-id>
    </service>

    <service service-id="productXmlService">
        <service-type>HTTP</service-type>
        <enabled>true</enabled>
        <log-prefix/>
        <comm-log-enabled>false</comm-log-enabled>
        <force-prd-enabled>true</force-prd-enabled>
        <mock-mode-enabled>false</mock-mode-enabled>
        <profile-id>productXMLprofile</profile-id>
        <credential-id>productXMLupload</credential-id>
    </service>

    <service service-id="uploadImage">
        <service-type>HTTP</service-type>
        <enabled>false</enabled>
        <log-prefix/>
        <comm-log-enabled>false</comm-log-enabled>
        <force-prd-enabled>true</force-prd-enabled>
        <mock-mode-enabled>false</mock-mode-enabled>
        <profile-id>profile.uploadImage</profile-id>
        <credential-id>credential.uploadImage</credential-id>
    </service>

    <service service-id="webdav.upload">
        <service-type>HTTP</service-type>
        <enabled>true</enabled>
        <log-prefix/>
        <comm-log-enabled>false</comm-log-enabled>
        <force-prd-enabled>true</force-prd-enabled>
        <mock-mode-enabled>false</mock-mode-enabled>
        <profile-id>Webdav.profile</profile-id>
        <credential-id>Webdav</credential-id>
    </service>

</services>
