<?xml version="1.0" encoding="UTF-8"?>
<sort xmlns="http://www.demandware.com/xml/impex/sort/2009-05-15">
    <dynamic-attribute dynamic-attribute-id="Gaurav Dynamic">
        <weighted-attribute>
            <attribute-path>product.activeData.conversionMonth</attribute-path>
            <weight>50</weight>
            <default-value>average</default-value>
            <direction>descending</direction>
        </weighted-attribute>
        <weighted-attribute>
            <attribute-path>product.activeData.viewsMonth</attribute-path>
            <weight>50</weight>
            <default-value>maximum</default-value>
            <direction>ascending</direction>
        </weighted-attribute>
    </dynamic-attribute>

    <dynamic-attribute dynamic-attribute-id="Sumit Dynamic">
        <weighted-attribute>
            <attribute-path>product.activeData.conversionMonth</attribute-path>
            <weight>50</weight>
            <default-value>average</default-value>
            <direction>descending</direction>
        </weighted-attribute>
        <weighted-attribute>
            <attribute-path>product.activeData.viewsMonth</attribute-path>
            <weight>50</weight>
            <default-value>average</default-value>
            <direction>descending</direction>
        </weighted-attribute>
    </dynamic-attribute>

    <dynamic-attribute dynamic-attribute-id="Tarun Dynamic">
        <weighted-attribute>
            <attribute-path>sorting.text-relevance</attribute-path>
            <weight>50</weight>
            <default-value>maximum</default-value>
            <direction>ascending</direction>
        </weighted-attribute>
        <weighted-attribute>
            <attribute-path>product.activeData.conversionDay</attribute-path>
            <weight>50</weight>
            <default-value>maximum</default-value>
            <direction>ascending</direction>
        </weighted-attribute>
    </dynamic-attribute>

    <sorting-rule rule-id="Einstein Automatic Sort for Revenue">
        <description>Sort by Einstein determined attributes to optimize for revenue</description>
    </sorting-rule>

    <sorting-rule rule-id="Gaurav Sorting">
        <sorting-attributes>
            <category-position/>
            <predictive-sort>
                <include-text-relevance>false</include-text-relevance>
            </predictive-sort>
            <attribute>
                <attribute-path>product.activeData.revenueMonth</attribute-path>
                <direction>descending</direction>
                <include-text-relevance>false</include-text-relevance>
            </attribute>
            <dynamic-attribute dynamic-attribute-id="Gaurav Dynamic" attribute-context="global">
                <include-text-relevance>false</include-text-relevance>
            </dynamic-attribute>
        </sorting-attributes>
    </sorting-rule>

    <sorting-rule rule-id="Sumit Sorting">
        <sorting-attributes>
            <dynamic-attribute dynamic-attribute-id="Sumit Dynamic" attribute-context="global">
                <include-text-relevance>false</include-text-relevance>
            </dynamic-attribute>
            <category-position/>
            <predictive-sort>
                <include-text-relevance>false</include-text-relevance>
            </predictive-sort>
            <attribute>
                <attribute-path>product.activeData.revenueMonth</attribute-path>
                <direction>descending</direction>
                <include-text-relevance>false</include-text-relevance>
            </attribute>
        </sorting-attributes>
    </sorting-rule>

    <sorting-rule rule-id="Tarun Sorting">
        <sorting-attributes>
            <text-relevance/>
        </sorting-attributes>
    </sorting-rule>

</sort>
