<?xml version="1.0" encoding="UTF-8"?>
<users xmlns="http://www.demandware.com/xml/impex/user/2007-09-05">
    <user login="kishan@cyntexa.com" enabled-flag="true">
        <credentials>
            <external-id>ee1aaa2e-fb33-4a80-81d1-308d5b9ded1c</external-id>
        </credentials>
        <profile>
            <first-name>Kishan</first-name>
            <last-name>Singh</last-name>
        </profile>
    </user>

    <user login="guruprasad@cyntexa.com" enabled-flag="true">
        <credentials>
            <external-id>e9f1f2bc-2b75-48d9-aa1c-489b78aefe4f</external-id>
        </credentials>
        <profile>
            <first-name>Guru Prasad</first-name>
            <last-name>Meena</last-name>
        </profile>
    </user>

    <user login="lokendra@cyntexa.com" enabled-flag="true">
        <credentials>
            <external-id>400898ae-a1a1-410d-ad1f-6f148729e506</external-id>
        </credentials>
        <profile>
            <first-name>Lokendra</first-name>
            <last-name>Shekhawat</last-name>
        </profile>
    </user>

    <user login="ankitpatel@cyntexa.com" enabled-flag="true">
        <credentials>
            <external-id>0468213f-8ba3-4855-8feb-553d621c64f6</external-id>
        </credentials>
        <profile>
            <first-name>Ankit</first-name>
            <last-name>Patel</last-name>
            <preferred-data-locale>none</preferred-data-locale>
        </profile>
    </user>

    <user login="abhinavtyagi@cyntexa.com" enabled-flag="true">
        <credentials>
            <external-id>b8e6e767-bade-47d0-99f6-11a5b8fa4841</external-id>
        </credentials>
        <profile>
            <first-name>Abhinav</first-name>
            <last-name>Tyagi</last-name>
            <email>abhinavtyagi@cyntexa.com</email>
            <preferred-data-locale>none</preferred-data-locale>
        </profile>
    </user>

    <user login="archit@cyntexa.com" enabled-flag="true">
        <credentials>
            <external-id>9f24aedc-e54d-4e66-87a4-fa09a56d2e3f</external-id>
        </credentials>
        <profile>
            <first-name>Archit</first-name>
            <last-name>Garg</last-name>
        </profile>
    </user>

    <user login="ashishkumar01@cyntexa.com" enabled-flag="true">
        <credentials>
            <external-id>9c18f64e-af58-4234-bca5-c96331740131</external-id>
        </credentials>
        <profile>
            <first-name>Ashish</first-name>
            <last-name>kumar</last-name>
            <preferred-data-locale>none</preferred-data-locale>
        </profile>
    </user>

    <user login="connect.ankitpatel@gmail.com" enabled-flag="true">
        <credentials>
            <external-id>6565f4c9-2e0e-491f-bbdb-a2369c18b73d</external-id>
        </credentials>
        <profile>
            <first-name>Ankit</first-name>
            <last-name>Patel</last-name>
            <phone-mobile>8839427470</phone-mobile>
            <preferred-data-locale>none</preferred-data-locale>
        </profile>
    </user>

    <user login="vivek.sharma@cyntexa.com" enabled-flag="true">
        <credentials>
            <external-id>92b2200a-f13e-4b8d-9cac-c05061a2d7b2</external-id>
        </credentials>
        <profile>
            <first-name>Vivek</first-name>
            <last-name>Sharma</last-name>
        </profile>
    </user>

    <user login="arpna@cyntexa.com" enabled-flag="true">
        <credentials>
            <external-id>f9a9de47-31df-45f1-bb56-8e4d7c2d061a</external-id>
        </credentials>
        <profile>
            <first-name>Arpna</first-name>
            <last-name>Joshi</last-name>
            <preferred-data-locale>none</preferred-data-locale>
        </profile>
    </user>

    <user login="tarunchoudhary@cyntexa.com" enabled-flag="true">
        <credentials>
            <external-id>6a6360e7-a844-4e7a-9d9f-bde7761f6dba</external-id>
        </credentials>
        <profile>
            <first-name>Tarun</first-name>
            <last-name>Choudhary</last-name>
        </profile>
    </user>

    <user login="rameshgehlot@cyntexa.com" enabled-flag="true">
        <credentials>
            <external-id>2eb0d442-e6c2-4cad-aba2-9d174877b0a8</external-id>
        </credentials>
        <profile>
            <first-name>Ramesh</first-name>
            <last-name>Gehlot</last-name>
            <preferred-data-locale>none</preferred-data-locale>
        </profile>
    </user>

    <user login="vibhuti@cyntexa.com" enabled-flag="true">
        <credentials>
            <external-id>df39277f-678b-41f3-8471-eba687901ff1</external-id>
        </credentials>
        <profile>
            <first-name>Vibhuti</first-name>
            <last-name>Sharma</last-name>
            <preferred-data-locale>none</preferred-data-locale>
        </profile>
    </user>

    <user login="ram@cyntexa.com" enabled-flag="true">
        <credentials>
            <external-id>ba661761-2aad-46d3-886b-9286738870da</external-id>
        </credentials>
        <profile>
            <first-name>Ram</first-name>
            <last-name>Dadhich</last-name>
        </profile>
    </user>

    <user login="bhaveshhirdhani@cyntexa.com" enabled-flag="true">
        <credentials>
            <external-id>d609042f-5b76-4170-a040-552c6d152896</external-id>
        </credentials>
        <profile>
            <first-name>Bhavesh</first-name>
            <last-name>Hirdhani</last-name>
            <preferred-data-locale>none</preferred-data-locale>
        </profile>
    </user>

    <user login="priyanshu.bhargava@cyntexa.com" enabled-flag="true">
        <credentials>
            <external-id>71d24b56-9ea7-45a3-8940-60f218706a83</external-id>
        </credentials>
        <profile>
            <first-name>Priyanshu</first-name>
            <last-name>Bhargava</last-name>
            <email>priyanshu.bhargava@cyntexa.com</email>
        </profile>
    </user>

    <user login="dikshapanjwani@cyntexa.com" enabled-flag="true">
        <credentials>
            <external-id>244e25b2-0ce9-407e-a6eb-a4ee7f9bcba0</external-id>
        </credentials>
        <profile>
            <first-name>Diksha</first-name>
            <last-name>Panjwani</last-name>
            <preferred-data-locale>none</preferred-data-locale>
        </profile>
        <access-roles>
            <access-role role-id="accounts"/>
        </access-roles>
    </user>

    <user login="pradyumn@cyntexa.com" enabled-flag="true">
        <credentials>
            <external-id>8a0ac4ae-087a-4c57-ad83-cde168cf8dee</external-id>
        </credentials>
        <profile>
            <first-name>Pradyumn</first-name>
            <last-name>Sharma</last-name>
        </profile>
    </user>

    <user login="akshatjain@cyntexa.com" enabled-flag="true">
        <credentials>
            <external-id>854c3bdb-235e-4392-a628-ee022d711093</external-id>
        </credentials>
        <profile>
            <first-name>Akshat</first-name>
            <last-name>Jain</last-name>
            <email>akshatjain@cyntexa.com</email>
        </profile>
    </user>

    <user login="dharmesh@cyntexa.com" enabled-flag="true">
        <credentials>
            <external-id>fb9d792f-ba05-49dc-953f-890e12c324d2</external-id>
        </credentials>
        <profile>
            <first-name>Dharmesh</first-name>
            <last-name>Gurnani</last-name>
            <preferred-data-locale>none</preferred-data-locale>
        </profile>
    </user>

    <user login="bhawana@cyntexa.com" enabled-flag="true">
        <credentials>
            <external-id>e1725901-4e89-40e9-9fbc-222af4b964b9</external-id>
        </credentials>
        <profile>
            <first-name>Bhawana</first-name>
            <last-name>Negi</last-name>
        </profile>
    </user>

    <user login="neerajsharma@cyntexa.com" enabled-flag="true">
        <credentials>
            <external-id>5d9587e5-4f42-4dcf-a43b-b061da17aba6</external-id>
        </credentials>
        <profile>
            <first-name>Neeraj</first-name>
            <last-name>Sharma</last-name>
        </profile>
    </user>

    <user login="gitesh@cyntexa.com" enabled-flag="true">
        <credentials>
            <external-id>ef6b786c-8416-447a-ad51-db4fb7e80b6d</external-id>
        </credentials>
        <profile>
            <first-name>Gitesh</first-name>
            <last-name>Sharma</last-name>
            <email>gitesh@cyntexa.com</email>
        </profile>
    </user>

    <user login="charchit@cyntexa.com" enabled-flag="true">
        <credentials>
            <external-id>30c94992-db4e-4ba4-b9e6-e8f3fcec785c</external-id>
        </credentials>
        <profile>
            <first-name>Charchit</first-name>
            <last-name>Nirayanwal</last-name>
        </profile>
    </user>

    <user login="chirag@cyntexa.com" enabled-flag="true">
        <credentials>
            <external-id>d54689b0-da75-44b0-87fb-bf7f093ca6ca</external-id>
        </credentials>
        <profile>
            <first-name>Chirag</first-name>
            <last-name>Gandhi</last-name>
        </profile>
    </user>

    <user login="nitish@cyntexa.com" enabled-flag="true">
        <credentials>
            <external-id>b0a20eeb-d49a-433b-84d7-8efc8feb36d3</external-id>
        </credentials>
        <profile>
            <first-name>Nitish</first-name>
            <last-name>Panwar</last-name>
        </profile>
    </user>

    <user login="sumit@cyntexa.com" enabled-flag="true">
        <credentials>
            <external-id>ebf2d955-0e4e-45fd-97b3-d7e83ee80a07</external-id>
        </credentials>
        <profile>
            <first-name>Sumit</first-name>
            <last-name>Kumawat</last-name>
        </profile>
    </user>

</users>
