{
	"clients": [
		{
			"client_id": "0bc97381-3b61-4f5e-a9eb-efaf03cfdcfb",
			"permissions": [
				{
					"path": "/cartridges",
					"operations": [
						"read_write"
					]
				},
				{
					"path": "/impex",
					"operations": [
						"read_write"
					]
				}
			]
		},
		{
			"client_id": "303aa767-04f1-48fe-a81e-f8fa2f848868",
			"permissions": [
				{
					"path": "/impex",
					"operations": [
						"read_write"
					]
				},
				{
					"path": "/cartridges",
					"operations": [
						"read_write"
					]
				},
				{
					"path": "/static",
					"operations": [
						"read_write"
					]
				}
			]
		}
	]
}