{
	"_v": "21.3",
	"clients": [
		{
			"client_id": "d7d3d666-ea6f-4918-8006-45913adad8b7",
			"allowed_origins": [
				"https://wise-impala-oqz27j-dev-ed.visualforce.com",
				"https://wise-impala-oqz27j-dev-ed.lightning.force.com",
				"https://wise-impala-oqz27j-dev-ed.my.salesforce.com"
			],
			"resources": [
				{
					"methods": [
						"get"
					],
					"read_attributes": "(**)",
					"write_attributes": "(**)",
					"resource_id": "/sites"
				},
				{
					"methods": [
						"get"
					],
					"read_attributes": "(**)",
					"write_attributes": "(**)",
					"resource_id": "/sites/*"
				},
				{
					"methods": [
						"post"
					],
					"read_attributes": "(**)",
					"write_attributes": "(**)",
					"resource_id": "/site_search"
				},
				{
					"methods": [
						"get"
					],
					"read_attributes": "(**)",
					"write_attributes": "(**)",
					"resource_id": "/code_versions"
				},
				{
					"methods": [
						"get",
						"put",
						"patch",
						"delete"
					],
					"read_attributes": "(**)",
					"write_attributes": "(**)",
					"resource_id": "/code_versions/*"
				},
				{
					"methods": [
						"post"
					],
					"read_attributes": "(**)",
					"write_attributes": "(**)",
					"resource_id": "/jobs/*/executions"
				},
				{
					"methods": [
						"get"
					],
					"read_attributes": "(**)",
					"write_attributes": "(**)",
					"resource_id": "/jobs/*/executions/*"
				},
				{
					"methods": [
						"get"
					],
					"read_attributes": "(**)",
					"write_attributes": "(**)",
					"resource_id": "/customer_lists/*"
				},
				{
					"methods": [
						"post"
					],
					"read_attributes": "(**)",
					"write_attributes": "(**)",
					"resource_id": "/customer_lists/*/customer_search"
				},
				{
					"methods": [
						"post"
					],
					"read_attributes": "(**)",
					"write_attributes": "(**)",
					"resource_id": "/customer_lists/*/customers"
				},
				{
					"methods": [
						"get",
						"patch",
						"delete",
						"put"
					],
					"read_attributes": "(**)",
					"write_attributes": "(**)",
					"resource_id": "/customer_lists/*/customers/*"
				},
				{
					"methods": [
						"get",
						"post"
					],
					"read_attributes": "(**)",
					"write_attributes": "(**)",
					"resource_id": "/customer_lists/*/customers/*/addresses"
				},
				{
					"methods": [
						"get",
						"patch",
						"delete"
					],
					"read_attributes": "(**)",
					"write_attributes": "(**)",
					"resource_id": "/customer_lists/*/customers/*/addresses/*"
				},
				{
					"methods": [
						"get",
						"patch"
					],
					"read_attributes": "(**)",
					"write_attributes": "(**)",
					"resource_id": "/sites/*/site_preferences/preference_groups/*/*"
				},
				{
					"methods": [
						"post"
					],
					"read_attributes": "(**)",
					"write_attributes": "(**)",
					"resource_id": "/sites/*/cartridges"
				}
			]
		}
	]
}