{
	"_v": "21.3",
	"clients": [
		{
			"client_id": "d7d3d666-ea6f-4918-8006-45913adad8b7",
			"allowed_origins": [
				"https://cyntexa160-dev-ed.visualforce.com",
				"https://cyntexa160-dev-ed.lightning.force.com",
				"https://cyntexa160-dev-ed.my.salesforce.com"
			],
			"resources": [
				{
					"resource_id": "/customers",
					"methods": [
						"post"
					],
					"read_attributes": "(**)",
					"write_attributes": "(**)"
				},
				{
					"resource_id": "/customers/*",
					"methods": [
						"get",
						"patch"
					],
					"read_attributes": "(**)",
					"write_attributes": "(**)"
				},
				{
					"resource_id": "/customers/auth",
					"methods": [
						"post"
					],
					"read_attributes": "(**)",
					"write_attributes": "(**)"
				},
				{
					"resource_id": "/customers/*/auth",
					"methods": [
						"post"
					],
					"read_attributes": "(**)",
					"write_attributes": "(**)"
				},
				{
					"resource_id": "/customers/*/password_reset",
					"methods": [
						"post"
					],
					"read_attributes": "(**)",
					"write_attributes": "(**)"
				},
				{
					"resource_id": "/customers/auth/trustedsystem",
					"methods": [
						"post"
					],
					"read_attributes": "(**)",
					"write_attributes": "(**)"
				},
				{
					"resource_id": "/sessions",
					"methods": [
						"post"
					],
					"read_attributes": "(**)",
					"write_attributes": "(**)"
				},
				{
					"resource_id": "/site",
					"methods": [
						"get"
					],
					"read_attributes": "(**)",
					"write_attributes": "(**)",
					"cache_time": 0
				},
				{
					"resource_id": "/orders/*",
					"methods": [
						"get",
						"patch"
					],
					"read_attributes": "(**)",
					"write_attributes": "(**)"
				}
			]
		}
	]
}