<?xml version="1.0" encoding="UTF-8"?>
<preferences xmlns="http://www.demandware.com/xml/impex/preferences/2007-03-31">
    <standard-preferences>
        <all-instances>
            <preference preference-id="AccountNumberRetentionDays">0</preference>
            <preference preference-id="AddProductToBasketBehavior">IncrementQuantities</preference>
            <preference preference-id="CouponGeneratorCodeLength">16</preference>
            <preference preference-id="CouponGeneratorIncludeDashes">true</preference>
            <preference preference-id="CouponGeneratorIncludeVowels">true</preference>
            <preference preference-id="EnableSiteOrderNumbers">false</preference>
            <preference preference-id="EnforceHTTPS">false</preference>
            <preference preference-id="IntegrationOrderCenterIncludeSite">true</preference>
            <preference preference-id="OrderEditExportDelay">30</preference>
            <preference preference-id="OrderExportDelay">30</preference>
            <preference preference-id="OrderIPLoggingEnabled">true</preference>
            <preference preference-id="OrderLifetime">0</preference>
            <preference preference-id="RedirectUrlCopySourceParameters">false</preference>
            <preference preference-id="SiteCatalog">storefront-catalog-m-en</preference>
            <preference preference-id="SiteCurrencies">USD:EUR:JPY:CNY:GBP</preference>
            <preference preference-id="SiteCustomerList">RefArch</preference>
            <preference preference-id="SiteDefaultLocale">en_US</preference>
            <preference preference-id="SiteInventoryList">inventory_m</preference>
            <preference preference-id="SiteLibrary">RefArchSharedLibrary</preference>
            <preference preference-id="SiteLocales">en_US:fr_FR:ja_JP:de_DE:zh_CN:en_GB:default:it_IT</preference>
            <preference preference-id="SitePriceBooks">cny-m-list-prices:cny-m-sale-prices:eur-m-list-prices:eur-m-sale-prices:gbp-m-list-prices:gbp-m-sale-prices:jpy-m-list-prices:jpy-m-sale-prices:usd-m-list-prices:usd-m-sale-prices</preference>
            <preference preference-id="SiteTimezone">Etc/UTC</preference>
            <preference preference-id="SourceCodeCookieMaxAge">0</preference>
            <preference preference-id="SourceCodeURLParameterName">Tarun</preference>
            <preference preference-id="StorefrontURLsEnabled">false</preference>
        </all-instances>
        <development>
            <preference preference-id="AvailabilityFiltering">Disabled</preference>
            <preference preference-id="AvailabilityLowRankingThreshold">0.0</preference>
            <preference preference-id="ExternallyPublishProductIndex">false</preference>
            <preference preference-id="IncludePromotionIDInProductIndex">true</preference>
            <preference preference-id="MergedVariationGroupsDisplayMode">false</preference>
            <preference preference-id="RobotsTxtContent"/>
            <preference preference-id="RobotsTxtMode">Cartridge</preference>
            <preference preference-id="SearchSuggestions">Disabled</preference>
        </development>
        <staging>
            <preference preference-id="AvailabilityFiltering">Disabled</preference>
            <preference preference-id="AvailabilityLowRankingThreshold">0.0</preference>
            <preference preference-id="ExternallyPublishProductIndex">false</preference>
            <preference preference-id="IncludePromotionIDInProductIndex">true</preference>
            <preference preference-id="MergedVariationGroupsDisplayMode">false</preference>
            <preference preference-id="RobotsTxtContent"/>
            <preference preference-id="RobotsTxtMode">Cartridge</preference>
            <preference preference-id="SearchSuggestions">Enabled</preference>
        </staging>
        <production>
            <preference preference-id="AvailabilityFiltering">Disabled</preference>
            <preference preference-id="AvailabilityLowRankingThreshold">0.0</preference>
            <preference preference-id="ExternallyPublishProductIndex">false</preference>
            <preference preference-id="IncludePromotionIDInProductIndex">true</preference>
            <preference preference-id="MergedVariationGroupsDisplayMode">false</preference>
            <preference preference-id="RobotsTxtContent"/>
            <preference preference-id="RobotsTxtMode">Cartridge</preference>
            <preference preference-id="SearchSuggestions">Disabled</preference>
        </production>
    </standard-preferences>
    <custom-preferences>
        <all-instances/>
        <development>
            <preference preference-id="ATSettings">{"taxCalculation":true,"addressValidation":false,"taxationpolicy":"net","saveTransactions":true,"commitTransactions":false,"companyCode":"default","useCustomCustomerCode":"customer_number","customCustomerAttribute":"","defaultShippingMethodTaxCode":"FR","locationCode":"","line1":"","line2":"","line3":"","city":"","state":"","zipCode":"","countryCode":""}</preference>
            <preference preference-id="b2ccrm_syncAgentHeaderIsEnabled">true</preference>
            <preference preference-id="b2ccrm_syncApplyProfileIDsToRegisteredOrdersEnabled">true</preference>
            <preference preference-id="b2ccrm_syncCustomersEnabled">true</preference>
            <preference preference-id="b2ccrm_syncCustomersFromGuestOrdersEnabled">true</preference>
            <preference preference-id="b2ccrm_syncCustomersFromOrdersEnabled">true</preference>
            <preference preference-id="b2ccrm_syncCustomersFromOrdersViaOCAPI">true</preference>
            <preference preference-id="b2ccrm_syncCustomersOnLoginEnabled">true</preference>
            <preference preference-id="b2ccrm_syncCustomersOnLoginOnceEnabled">true</preference>
            <preference preference-id="b2ccrm_syncCustomersViaOCAPI">true</preference>
            <preference preference-id="b2ccrm_syncIsEnabled">true</preference>
            <preference preference-id="b2ccrm_syncOOBOGuestCustomerId">bcSFuz8kgnubcHa302ikkdemnq</preference>
            <preference preference-id="b2ccrm_syncPasswordResetEnabled">true</preference>
            <preference preference-id="disableResponsiveDesign">false</preference>
            <preference preference-id="enableInfiniteScroll">false</preference>
            <preference preference-id="enableMultiShipping">false</preference>
            <preference preference-id="mcEnableMailingLists">true</preference>
        </development>
        <staging>
            <preference preference-id="disableResponsiveDesign">false</preference>
            <preference preference-id="slideshoweffect">growX</preference>
        </staging>
        <production/>
    </custom-preferences>
</preferences>

