<?xml version="1.0" encoding="UTF-8"?>
<shipping xmlns="http://www.demandware.com/xml/impex/shipping/2007-03-31">
    <shipping-method method-id="CNY001" default="true">
        <display-name xml:lang="x-default">Ground</display-name>
        <display-name xml:lang="fr-FR">Transport terrestre</display-name>
        <display-name xml:lang="it">Via terra</display-name>
        <display-name xml:lang="it-IT">Via terra</display-name>
        <display-name xml:lang="ja-JP">通常便</display-name>
        <display-name xml:lang="zh-CN">陆路</display-name>
        <description xml:lang="x-default">Order received within 7-10 business days</description>
        <description xml:lang="fr-FR">Commande reçue en 7 à 10 jours ouvrés</description>
        <description xml:lang="it">Ricezione ordine entro 7-10 giorni lavorativi</description>
        <description xml:lang="it-IT">Ricezione ordine entro 7-10 giorni lavorativi</description>
        <description xml:lang="ja-JP">ご注文の商品を 7 ～ 10 営業日以内にお届け</description>
        <description xml:lang="zh-CN">在 7-10 个工作日内收到订单</description>
        <online-flag>true</online-flag>
        <tax-class-id>standard</tax-class-id>
        <price-table>
            <amount order-value="0">0</amount>
            <amount order-value="0.01">5.99</amount>
            <amount order-value="100">7.99</amount>
            <amount order-value="200">9.99</amount>
            <amount order-value="500">15.99</amount>
        </price-table>
        <product-cost-groups>
            <product-cost-group>
                <products>
                    <included-products>
                        <condition-group>
                            <category-condition catalog-id="storefront-catalog-m-non-en" operator="is equal">
                                <category-id>womens-jewelry</category-id>
                            </category-condition>
                        </condition-group>
                    </included-products>
                </products>
                <cost-per-item>
                    <surcharge>10.00</surcharge>
                </cost-per-item>
            </product-cost-group>
        </product-cost-groups>
        <excluded-addresses>
            <included-addresses>
                <condition-group match-mode="all">
                    <condition>
                        <attribute-path>shipment.shippingAddress.stateCode</attribute-path>
                        <operator>is-equal</operator>
                        <string>AA</string>
                        <string>AB</string>
                        <string>AE</string>
                        <string>AP</string>
                        <string>AK</string>
                        <string>AS</string>
                        <string>BC</string>
                        <string>GU</string>
                        <string>HI</string>
                        <string>MB</string>
                        <string>NB</string>
                        <string>NL</string>
                        <string>NT</string>
                        <string>NS</string>
                        <string>NU</string>
                        <string>ON</string>
                        <string>PE</string>
                        <string>PR</string>
                        <string>QC</string>
                        <string>SK</string>
                        <string>VI</string>
                        <string>YT</string>
                    </condition>
                </condition-group>
            </included-addresses>
        </excluded-addresses>
        <custom-attributes>
            <custom-attribute attribute-id="estimatedArrivalTime" xml:lang="x-default">7-10 Business Days</custom-attribute>
            <custom-attribute attribute-id="estimatedArrivalTime" xml:lang="fr-FR">7 à 10 jours ouvrés</custom-attribute>
            <custom-attribute attribute-id="estimatedArrivalTime" xml:lang="it-IT">7-10 giorni lavorativi</custom-attribute>
            <custom-attribute attribute-id="estimatedArrivalTime" xml:lang="ja-JP">7 ～ 10 営業日</custom-attribute>
            <custom-attribute attribute-id="estimatedArrivalTime" xml:lang="zh-CN">7-10 个工作日</custom-attribute>
        </custom-attributes>
        <currency>CNY</currency>
    </shipping-method>

    <shipping-method method-id="CNY002" default="false">
        <display-name xml:lang="x-default">2-Day Express</display-name>
        <display-name xml:lang="fr-FR">Express - 2 jours </display-name>
        <display-name xml:lang="it">Consegna espressa in 2 giorni</display-name>
        <display-name xml:lang="it-IT">Consegna espressa in 2 giorni</display-name>
        <display-name xml:lang="ja-JP">2 日お急ぎ便</display-name>
        <display-name xml:lang="zh-CN">2 天速递</display-name>
        <description xml:lang="x-default">Order received within 2 business days</description>
        <description xml:lang="fr-FR">Commande reçue en 2 jours ouvrés</description>
        <description xml:lang="it">Ricezione ordine entro 2 giorni lavorativi</description>
        <description xml:lang="it-IT">Ricezione ordine entro 2 giorni lavorativi</description>
        <description xml:lang="ja-JP">ご注文の商品を 2 営業日以内にお届け</description>
        <description xml:lang="zh-CN">在 2 个工作日内收到订单</description>
        <online-flag>true</online-flag>
        <tax-class-id>standard</tax-class-id>
        <price-table>
            <amount order-value="0">0</amount>
            <amount order-value="0.01">9.99</amount>
            <amount order-value="100">11.99</amount>
            <amount order-value="200">15.99</amount>
            <amount order-value="500">20.99</amount>
        </price-table>
        <excluded-addresses>
            <included-addresses>
                <condition-group match-mode="all">
                    <condition>
                        <attribute-path>shipment.shippingAddress.stateCode</attribute-path>
                        <operator>is-equal</operator>
                        <string>AA</string>
                        <string>AB</string>
                        <string>AE</string>
                        <string>AP</string>
                        <string>AK</string>
                        <string>AS</string>
                        <string>BC</string>
                        <string>GU</string>
                        <string>HI</string>
                        <string>MB</string>
                        <string>NB</string>
                        <string>NL</string>
                        <string>NT</string>
                        <string>NS</string>
                        <string>NU</string>
                        <string>ON</string>
                        <string>PE</string>
                        <string>PR</string>
                        <string>QC</string>
                        <string>SK</string>
                        <string>VI</string>
                        <string>YT</string>
                    </condition>
                </condition-group>
            </included-addresses>
        </excluded-addresses>
        <custom-attributes>
            <custom-attribute attribute-id="estimatedArrivalTime" xml:lang="x-default">2 Business Days</custom-attribute>
            <custom-attribute attribute-id="estimatedArrivalTime" xml:lang="fr-FR">2 jours ouvrés</custom-attribute>
            <custom-attribute attribute-id="estimatedArrivalTime" xml:lang="it-IT">2 giorni lavorativi</custom-attribute>
            <custom-attribute attribute-id="estimatedArrivalTime" xml:lang="ja-JP">2 営業日</custom-attribute>
            <custom-attribute attribute-id="estimatedArrivalTime" xml:lang="zh-CN">2 个工作日</custom-attribute>
        </custom-attributes>
        <currency>CNY</currency>
    </shipping-method>

    <shipping-method method-id="CNY003" default="false">
        <display-name xml:lang="x-default">Overnight</display-name>
        <display-name xml:lang="fr-FR">Le lendemain</display-name>
        <display-name xml:lang="it">Il giorno successivo</display-name>
        <display-name xml:lang="it-IT">Il giorno successivo</display-name>
        <display-name xml:lang="ja-JP">翌日便</display-name>
        <display-name xml:lang="zh-CN">连夜送货</display-name>
        <description xml:lang="x-default">Order received the next business day</description>
        <description xml:lang="fr-FR">Commande reçue le jour ouvré suivant (J+1)</description>
        <description xml:lang="it">Ricezione ordine entro il giorno lavorativo successivo</description>
        <description xml:lang="it-IT">Ricezione ordine entro il giorno lavorativo successivo</description>
        <description xml:lang="ja-JP">ご注文の商品を翌営業日にお届け</description>
        <description xml:lang="zh-CN">在下一工作日收到订单</description>
        <online-flag>true</online-flag>
        <tax-class-id>standard</tax-class-id>
        <price-table>
            <amount order-value="0">0</amount>
            <amount order-value="0.01">15.99</amount>
            <amount order-value="100">19.99</amount>
            <amount order-value="200">21.99</amount>
            <amount order-value="500">29.99</amount>
        </price-table>
        <excluded-addresses>
            <included-addresses>
                <condition-group match-mode="all">
                    <condition>
                        <attribute-path>shipment.shippingAddress.stateCode</attribute-path>
                        <operator>is-equal</operator>
                        <string>AA</string>
                        <string>AB</string>
                        <string>AE</string>
                        <string>AP</string>
                        <string>AK</string>
                        <string>AS</string>
                        <string>BC</string>
                        <string>GU</string>
                        <string>HI</string>
                        <string>MB</string>
                        <string>NB</string>
                        <string>NL</string>
                        <string>NT</string>
                        <string>NS</string>
                        <string>NU</string>
                        <string>ON</string>
                        <string>PE</string>
                        <string>PR</string>
                        <string>QC</string>
                        <string>SK</string>
                        <string>VI</string>
                        <string>YT</string>
                    </condition>
                </condition-group>
            </included-addresses>
        </excluded-addresses>
        <custom-attributes>
            <custom-attribute attribute-id="estimatedArrivalTime" xml:lang="x-default">Next Day</custom-attribute>
            <custom-attribute attribute-id="estimatedArrivalTime" xml:lang="fr-FR">Next Day</custom-attribute>
            <custom-attribute attribute-id="estimatedArrivalTime" xml:lang="it-IT">Next Day</custom-attribute>
            <custom-attribute attribute-id="estimatedArrivalTime" xml:lang="ja-JP">翌日</custom-attribute>
            <custom-attribute attribute-id="estimatedArrivalTime" xml:lang="zh-CN">第二天</custom-attribute>
        </custom-attributes>
        <currency>CNY</currency>
    </shipping-method>

    <shipping-method method-id="CNY004" default="false">
        <display-name xml:lang="x-default">Super Saver</display-name>
        <display-name xml:lang="fr-FR">Ultra-économique</display-name>
        <display-name xml:lang="it">Spedizione ridotta</display-name>
        <display-name xml:lang="it-IT">Spedizione ridotta</display-name>
        <display-name xml:lang="ja-JP">超おトク</display-name>
        <display-name xml:lang="zh-CN">Super Saver</display-name>
        <description xml:lang="x-default">Super Saver delivery (arrives in 3-7 business days)</description>
        <description xml:lang="fr-FR">Livraison ultra-économique (en 3 à 7 jours ouvrés)</description>
        <description xml:lang="it">Spedizione ridotta (consegna in 3-7 giorni lavorativi)</description>
        <description xml:lang="it-IT">Spedizione ridotta (consegna in 3-7 giorni lavorativi)</description>
        <description xml:lang="ja-JP">超おトク便 (お受け取りまで 3 ～ 7 営業日)</description>
        <description xml:lang="zh-CN">Super Saver 交货（3 到 7 个工作日内送达）</description>
        <online-flag>true</online-flag>
        <tax-class-id>standard</tax-class-id>
        <price-table>
            <amount order-value="0">0</amount>
            <amount order-value="0.01">1.99</amount>
        </price-table>
        <excluded-products>
            <included-products>
                <condition-group>
                    <category-condition catalog-id="storefront-catalog-m-non-en" operator="is equal">
                        <category-id>newarrivals</category-id>
                        <category-id>womens</category-id>
                        <category-id>mens</category-id>
                        <category-id>hidden</category-id>
                    </category-condition>
                </condition-group>
            </included-products>
        </excluded-products>
        <excluded-addresses>
            <included-addresses>
                <condition-group match-mode="all">
                    <condition>
                        <attribute-path>shipment.shippingAddress.stateCode</attribute-path>
                        <operator>is-equal</operator>
                        <string>AA</string>
                        <string>AB</string>
                        <string>AE</string>
                        <string>AP</string>
                        <string>AK</string>
                        <string>AS</string>
                        <string>BC</string>
                        <string>GU</string>
                        <string>HI</string>
                        <string>MB</string>
                        <string>NB</string>
                        <string>NL</string>
                        <string>NT</string>
                        <string>NS</string>
                        <string>NU</string>
                        <string>ON</string>
                        <string>PE</string>
                        <string>PR</string>
                        <string>QC</string>
                        <string>SK</string>
                        <string>VI</string>
                        <string>YT</string>
                    </condition>
                </condition-group>
            </included-addresses>
        </excluded-addresses>
        <custom-attributes>
            <custom-attribute attribute-id="estimatedArrivalTime" xml:lang="x-default">3-7 Business Days</custom-attribute>
            <custom-attribute attribute-id="estimatedArrivalTime" xml:lang="fr-FR">3 à 7 jours ouvrés</custom-attribute>
            <custom-attribute attribute-id="estimatedArrivalTime" xml:lang="it-IT">3-7 giorni lavorativi</custom-attribute>
            <custom-attribute attribute-id="estimatedArrivalTime" xml:lang="ja-JP">3 ～ 7 営業日</custom-attribute>
            <custom-attribute attribute-id="estimatedArrivalTime" xml:lang="zh-CN">3-7 个工作日</custom-attribute>
        </custom-attributes>
        <currency>CNY</currency>
    </shipping-method>

    <shipping-method method-id="CNY005" default="false">
        <display-name xml:lang="x-default">Store Pickup</display-name>
        <display-name xml:lang="fr-FR">Retrait en magasin</display-name>
        <display-name xml:lang="it">Ritiro in negozio</display-name>
        <display-name xml:lang="it-IT">Ritiro in negozio</display-name>
        <display-name xml:lang="ja-JP">店舗にて受け取り</display-name>
        <display-name xml:lang="zh-CN">到店提货</display-name>
        <description xml:lang="x-default">Pickup in store</description>
        <description xml:lang="fr-FR">Retrait en magasin</description>
        <description xml:lang="it">Ritiro in negozio</description>
        <description xml:lang="it-IT">Ritiro in negozio</description>
        <description xml:lang="ja-JP">店舗にて受け取り</description>
        <description xml:lang="zh-CN">到店提货</description>
        <online-flag>true</online-flag>
        <price-table>
            <amount order-value="0">0</amount>
        </price-table>
        <custom-attributes>
            <custom-attribute attribute-id="storePickupEnabled">true</custom-attribute>
        </custom-attributes>
        <currency>CNY</currency>
    </shipping-method>

    <shipping-method method-id="EUR001" default="true">
        <display-name xml:lang="x-default">Ground</display-name>
        <display-name xml:lang="fr-FR">Transport terrestre</display-name>
        <display-name xml:lang="it">Via terra</display-name>
        <display-name xml:lang="it-IT">Via terra</display-name>
        <display-name xml:lang="ja-JP">通常便</display-name>
        <display-name xml:lang="zh-CN">陆路</display-name>
        <description xml:lang="x-default">Order received within 7-10 business days</description>
        <description xml:lang="fr-FR">Commande reçue en 7 à 10 jours ouvrés</description>
        <description xml:lang="it">Ricezione ordine entro 7-10 giorni lavorativi</description>
        <description xml:lang="it-IT">Ricezione ordine entro 7-10 giorni lavorativi</description>
        <description xml:lang="ja-JP">ご注文の商品を 7 ～ 10 営業日以内にお届け</description>
        <description xml:lang="zh-CN">在 7-10 个工作日内收到订单</description>
        <online-flag>true</online-flag>
        <tax-class-id>standard</tax-class-id>
        <price-table>
            <amount order-value="0">0</amount>
            <amount order-value="0.01">5.99</amount>
            <amount order-value="100">7.99</amount>
            <amount order-value="200">9.99</amount>
            <amount order-value="500">15.99</amount>
        </price-table>
        <product-cost-groups>
            <product-cost-group>
                <products>
                    <included-products>
                        <condition-group>
                            <category-condition catalog-id="storefront-catalog-m-non-en" operator="is equal">
                                <category-id>womens-jewelry</category-id>
                            </category-condition>
                        </condition-group>
                    </included-products>
                </products>
                <cost-per-item>
                    <surcharge>10.00</surcharge>
                </cost-per-item>
            </product-cost-group>
        </product-cost-groups>
        <excluded-addresses>
            <included-addresses>
                <condition-group match-mode="all">
                    <condition>
                        <attribute-path>shipment.shippingAddress.stateCode</attribute-path>
                        <operator>is-equal</operator>
                        <string>AA</string>
                        <string>AB</string>
                        <string>AE</string>
                        <string>AP</string>
                        <string>AK</string>
                        <string>AS</string>
                        <string>BC</string>
                        <string>GU</string>
                        <string>HI</string>
                        <string>MB</string>
                        <string>NB</string>
                        <string>NL</string>
                        <string>NT</string>
                        <string>NS</string>
                        <string>NU</string>
                        <string>ON</string>
                        <string>PE</string>
                        <string>PR</string>
                        <string>QC</string>
                        <string>SK</string>
                        <string>VI</string>
                        <string>YT</string>
                    </condition>
                </condition-group>
            </included-addresses>
        </excluded-addresses>
        <custom-attributes>
            <custom-attribute attribute-id="estimatedArrivalTime" xml:lang="x-default">7-10 Business Days</custom-attribute>
            <custom-attribute attribute-id="estimatedArrivalTime" xml:lang="fr-FR">7 à 10 jours ouvrés</custom-attribute>
            <custom-attribute attribute-id="estimatedArrivalTime" xml:lang="it-IT">7-10 giorni lavorativi</custom-attribute>
            <custom-attribute attribute-id="estimatedArrivalTime" xml:lang="ja-JP">7 ～ 10 営業日</custom-attribute>
            <custom-attribute attribute-id="estimatedArrivalTime" xml:lang="zh-CN">7-10 个工作日</custom-attribute>
        </custom-attributes>
        <currency>EUR</currency>
    </shipping-method>

    <shipping-method method-id="EUR002" default="false">
        <display-name xml:lang="x-default">2-Day Express</display-name>
        <display-name xml:lang="fr-FR">Express - 2 jours </display-name>
        <display-name xml:lang="it">Consegna espressa in 2 giorni</display-name>
        <display-name xml:lang="it-IT">Consegna espressa in 2 giorni</display-name>
        <display-name xml:lang="ja-JP">2 日お急ぎ便</display-name>
        <display-name xml:lang="zh-CN">2 天速递</display-name>
        <description xml:lang="x-default">Order received within 2 business days</description>
        <description xml:lang="fr-FR">Commande reçue en 2 jours ouvrés</description>
        <description xml:lang="it">Ricezione ordine entro 2 giorni lavorativi</description>
        <description xml:lang="it-IT">Ricezione ordine entro 2 giorni lavorativi</description>
        <description xml:lang="ja-JP">ご注文の商品を 2 営業日以内にお届け</description>
        <description xml:lang="zh-CN">在 2 个工作日内收到订单</description>
        <online-flag>true</online-flag>
        <tax-class-id>standard</tax-class-id>
        <price-table>
            <amount order-value="0">0</amount>
            <amount order-value="0.01">9.99</amount>
            <amount order-value="100">11.99</amount>
            <amount order-value="200">15.99</amount>
            <amount order-value="500">20.99</amount>
        </price-table>
        <excluded-addresses>
            <included-addresses>
                <condition-group match-mode="all">
                    <condition>
                        <attribute-path>shipment.shippingAddress.stateCode</attribute-path>
                        <operator>is-equal</operator>
                        <string>AA</string>
                        <string>AB</string>
                        <string>AE</string>
                        <string>AP</string>
                        <string>AK</string>
                        <string>AS</string>
                        <string>BC</string>
                        <string>GU</string>
                        <string>HI</string>
                        <string>MB</string>
                        <string>NB</string>
                        <string>NL</string>
                        <string>NT</string>
                        <string>NS</string>
                        <string>NU</string>
                        <string>ON</string>
                        <string>PE</string>
                        <string>PR</string>
                        <string>QC</string>
                        <string>SK</string>
                        <string>VI</string>
                        <string>YT</string>
                    </condition>
                </condition-group>
            </included-addresses>
        </excluded-addresses>
        <custom-attributes>
            <custom-attribute attribute-id="estimatedArrivalTime" xml:lang="x-default">2 Business Days</custom-attribute>
            <custom-attribute attribute-id="estimatedArrivalTime" xml:lang="fr-FR">2 jours ouvrés</custom-attribute>
            <custom-attribute attribute-id="estimatedArrivalTime" xml:lang="it-IT">2 giorni lavorativi</custom-attribute>
            <custom-attribute attribute-id="estimatedArrivalTime" xml:lang="ja-JP">2 営業日</custom-attribute>
            <custom-attribute attribute-id="estimatedArrivalTime" xml:lang="zh-CN">2 个工作日</custom-attribute>
        </custom-attributes>
        <currency>EUR</currency>
    </shipping-method>

    <shipping-method method-id="EUR003" default="false">
        <display-name xml:lang="x-default">Overnight</display-name>
        <display-name xml:lang="fr-FR">Le lendemain</display-name>
        <display-name xml:lang="it">Il giorno successivo</display-name>
        <display-name xml:lang="it-IT">Il giorno successivo</display-name>
        <display-name xml:lang="ja-JP">翌日便</display-name>
        <display-name xml:lang="zh-CN">连夜送货</display-name>
        <description xml:lang="x-default">Order received the next business day</description>
        <description xml:lang="fr-FR">Commande reçue le jour ouvré suivant (J+1)</description>
        <description xml:lang="it">Ricezione ordine entro il giorno lavorativo successivo</description>
        <description xml:lang="it-IT">Ricezione ordine entro il giorno lavorativo successivo</description>
        <description xml:lang="ja-JP">ご注文の商品を翌営業日にお届け</description>
        <description xml:lang="zh-CN">在下一工作日收到订单</description>
        <online-flag>true</online-flag>
        <tax-class-id>standard</tax-class-id>
        <price-table>
            <amount order-value="0">0</amount>
            <amount order-value="0.01">15.99</amount>
            <amount order-value="100">19.99</amount>
            <amount order-value="200">21.99</amount>
            <amount order-value="500">29.99</amount>
        </price-table>
        <excluded-addresses>
            <included-addresses>
                <condition-group match-mode="all">
                    <condition>
                        <attribute-path>shipment.shippingAddress.stateCode</attribute-path>
                        <operator>is-equal</operator>
                        <string>AA</string>
                        <string>AB</string>
                        <string>AE</string>
                        <string>AP</string>
                        <string>AK</string>
                        <string>AS</string>
                        <string>BC</string>
                        <string>GU</string>
                        <string>HI</string>
                        <string>MB</string>
                        <string>NB</string>
                        <string>NL</string>
                        <string>NT</string>
                        <string>NS</string>
                        <string>NU</string>
                        <string>ON</string>
                        <string>PE</string>
                        <string>PR</string>
                        <string>QC</string>
                        <string>SK</string>
                        <string>VI</string>
                        <string>YT</string>
                    </condition>
                </condition-group>
            </included-addresses>
        </excluded-addresses>
        <custom-attributes>
            <custom-attribute attribute-id="estimatedArrivalTime" xml:lang="x-default">Next Day</custom-attribute>
            <custom-attribute attribute-id="estimatedArrivalTime" xml:lang="fr-FR">Next Day</custom-attribute>
            <custom-attribute attribute-id="estimatedArrivalTime" xml:lang="it-IT">Next Day</custom-attribute>
            <custom-attribute attribute-id="estimatedArrivalTime" xml:lang="ja-JP">翌日</custom-attribute>
            <custom-attribute attribute-id="estimatedArrivalTime" xml:lang="zh-CN">第二天</custom-attribute>
        </custom-attributes>
        <currency>EUR</currency>
    </shipping-method>

    <shipping-method method-id="EUR004" default="false">
        <display-name xml:lang="x-default">Super Saver</display-name>
        <display-name xml:lang="fr-FR">Ultra-économique</display-name>
        <display-name xml:lang="it">Spedizione ridotta</display-name>
        <display-name xml:lang="it-IT">Spedizione ridotta</display-name>
        <display-name xml:lang="ja-JP">超おトク</display-name>
        <display-name xml:lang="zh-CN">Super Saver</display-name>
        <description xml:lang="x-default">Super Saver delivery (arrives in 3-7 business days)</description>
        <description xml:lang="fr-FR">Livraison ultra-économique (en 3 à 7 jours ouvrés)</description>
        <description xml:lang="it">Spedizione ridotta (consegna in 3-7 giorni lavorativi)</description>
        <description xml:lang="it-IT">Spedizione ridotta (consegna in 3-7 giorni lavorativi)</description>
        <description xml:lang="ja-JP">超おトク便 (お受け取りまで 3 ～ 7 営業日)</description>
        <description xml:lang="zh-CN">Super Saver 交货（3 到 7 个工作日内送达）</description>
        <online-flag>true</online-flag>
        <tax-class-id>standard</tax-class-id>
        <price-table>
            <amount order-value="0">0</amount>
            <amount order-value="0.01">1.99</amount>
        </price-table>
        <excluded-addresses>
            <included-addresses>
                <condition-group match-mode="all">
                    <condition>
                        <attribute-path>shipment.shippingAddress.stateCode</attribute-path>
                        <operator>is-equal</operator>
                        <string>AA</string>
                        <string>AB</string>
                        <string>AE</string>
                        <string>AP</string>
                        <string>AK</string>
                        <string>AS</string>
                        <string>BC</string>
                        <string>GU</string>
                        <string>HI</string>
                        <string>MB</string>
                        <string>NB</string>
                        <string>NL</string>
                        <string>NT</string>
                        <string>NS</string>
                        <string>NU</string>
                        <string>ON</string>
                        <string>PE</string>
                        <string>PR</string>
                        <string>QC</string>
                        <string>SK</string>
                        <string>VI</string>
                        <string>YT</string>
                    </condition>
                </condition-group>
            </included-addresses>
        </excluded-addresses>
        <custom-attributes>
            <custom-attribute attribute-id="estimatedArrivalTime" xml:lang="x-default">3-7 Business Days</custom-attribute>
            <custom-attribute attribute-id="estimatedArrivalTime" xml:lang="fr-FR">3 à 7 jours ouvrés</custom-attribute>
            <custom-attribute attribute-id="estimatedArrivalTime" xml:lang="it-IT">3-7 giorni lavorativi</custom-attribute>
            <custom-attribute attribute-id="estimatedArrivalTime" xml:lang="ja-JP">3 ～ 7 営業日</custom-attribute>
            <custom-attribute attribute-id="estimatedArrivalTime" xml:lang="zh-CN">3-7 个工作日</custom-attribute>
        </custom-attributes>
        <currency>EUR</currency>
    </shipping-method>

    <shipping-method method-id="EUR005" default="false">
        <display-name xml:lang="x-default">EUR Store Pickup</display-name>
        <display-name xml:lang="fr-FR">EUR Retrait en magasin</display-name>
        <display-name xml:lang="it">EUR Ritiro in negozio</display-name>
        <display-name xml:lang="it-IT">EUR Ritiro in negozio</display-name>
        <display-name xml:lang="ja-JP">EUR 店舗にて受け取り</display-name>
        <display-name xml:lang="zh-CN">欧元到店提货</display-name>
        <description xml:lang="x-default">EUR Pickup in store</description>
        <description xml:lang="fr-FR">EUR retrait en magasin </description>
        <description xml:lang="it">EUR Ritiro in negozio</description>
        <description xml:lang="it-IT">EUR Ritiro in negozio</description>
        <description xml:lang="ja-JP">EUR 店舗にて受け取り</description>
        <description xml:lang="zh-CN">欧元到店提货</description>
        <online-flag>true</online-flag>
        <price-table>
            <amount order-value="0">0</amount>
        </price-table>
        <custom-attributes>
            <custom-attribute attribute-id="storePickupEnabled">true</custom-attribute>
        </custom-attributes>
        <currency>EUR</currency>
    </shipping-method>

    <shipping-method method-id="GBP001" default="true">
        <display-name xml:lang="x-default">Ground</display-name>
        <display-name xml:lang="fr-FR">Transport terrestre</display-name>
        <display-name xml:lang="it">Via terra</display-name>
        <display-name xml:lang="it-IT">Via terra</display-name>
        <display-name xml:lang="ja-JP">通常便</display-name>
        <display-name xml:lang="zh-CN">陆路</display-name>
        <description xml:lang="x-default">Order received within 7-10 business days</description>
        <description xml:lang="fr-FR">Commande reçue en 7 à 10 jours ouvrés</description>
        <description xml:lang="it">Ricezione ordine entro 7-10 giorni lavorativi</description>
        <description xml:lang="it-IT">Ricezione ordine entro 7-10 giorni lavorativi</description>
        <description xml:lang="ja-JP">ご注文の商品を 7 ～ 10 営業日以内にお届け</description>
        <description xml:lang="zh-CN">在 7-10 个工作日内收到订单</description>
        <online-flag>true</online-flag>
        <tax-class-id>standard</tax-class-id>
        <price-table>
            <amount order-value="0">0</amount>
            <amount order-value="0.01">5.99</amount>
            <amount order-value="100">7.99</amount>
            <amount order-value="200">9.99</amount>
            <amount order-value="500">15.99</amount>
        </price-table>
        <product-cost-groups>
            <product-cost-group>
                <products>
                    <included-products>
                        <condition-group>
                            <category-condition catalog-id="storefront-catalog-m-non-en" operator="is equal">
                                <category-id>womens-jewelry</category-id>
                            </category-condition>
                        </condition-group>
                    </included-products>
                </products>
                <cost-per-item>
                    <surcharge>10.00</surcharge>
                </cost-per-item>
            </product-cost-group>
        </product-cost-groups>
        <custom-attributes>
            <custom-attribute attribute-id="estimatedArrivalTime" xml:lang="x-default">7-10 Business Days</custom-attribute>
            <custom-attribute attribute-id="estimatedArrivalTime" xml:lang="fr-FR">7 à 10 jours ouvrés</custom-attribute>
            <custom-attribute attribute-id="estimatedArrivalTime" xml:lang="it-IT">7-10 giorni lavorativi</custom-attribute>
            <custom-attribute attribute-id="estimatedArrivalTime" xml:lang="ja-JP">7 ～ 10 営業日</custom-attribute>
            <custom-attribute attribute-id="estimatedArrivalTime" xml:lang="zh-CN">7-10 个工作日</custom-attribute>
        </custom-attributes>
        <currency>GBP</currency>
    </shipping-method>

    <shipping-method method-id="GBP002" default="false">
        <display-name xml:lang="x-default">2-Day Express</display-name>
        <display-name xml:lang="fr-FR">Express - 2 jours </display-name>
        <display-name xml:lang="it">Consegna espressa in 2 giorni</display-name>
        <display-name xml:lang="it-IT">Consegna espressa in 2 giorni</display-name>
        <display-name xml:lang="ja-JP">2 日お急ぎ便</display-name>
        <display-name xml:lang="zh-CN">2 天速递</display-name>
        <description xml:lang="x-default">Order received within 2 business days</description>
        <description xml:lang="fr-FR">Commande reçue en 2 jours ouvrés</description>
        <description xml:lang="it">Ricezione ordine entro 2 giorni lavorativi</description>
        <description xml:lang="it-IT">Ricezione ordine entro 2 giorni lavorativi</description>
        <description xml:lang="ja-JP">ご注文の商品を 2 営業日以内にお届け</description>
        <description xml:lang="zh-CN">在 2 个工作日内收到订单</description>
        <online-flag>true</online-flag>
        <tax-class-id>standard</tax-class-id>
        <price-table>
            <amount order-value="0">0</amount>
            <amount order-value="0.01">9.99</amount>
            <amount order-value="100">11.99</amount>
            <amount order-value="200">15.99</amount>
            <amount order-value="500">20.99</amount>
        </price-table>
        <custom-attributes>
            <custom-attribute attribute-id="estimatedArrivalTime" xml:lang="x-default">2 Business Days</custom-attribute>
            <custom-attribute attribute-id="estimatedArrivalTime" xml:lang="fr-FR">2 jours ouvrés</custom-attribute>
            <custom-attribute attribute-id="estimatedArrivalTime" xml:lang="it-IT">2 giorni lavorativi</custom-attribute>
            <custom-attribute attribute-id="estimatedArrivalTime" xml:lang="ja-JP">2 営業日</custom-attribute>
            <custom-attribute attribute-id="estimatedArrivalTime" xml:lang="zh-CN">2 个工作日</custom-attribute>
        </custom-attributes>
        <currency>GBP</currency>
    </shipping-method>

    <shipping-method method-id="GBP003" default="false">
        <display-name xml:lang="x-default">Overnight</display-name>
        <display-name xml:lang="fr-FR">Le lendemain</display-name>
        <display-name xml:lang="it">Il giorno successivo</display-name>
        <display-name xml:lang="it-IT">Il giorno successivo</display-name>
        <display-name xml:lang="ja-JP">翌日便</display-name>
        <display-name xml:lang="zh-CN">连夜送货</display-name>
        <description xml:lang="x-default">Order received the next business day</description>
        <description xml:lang="fr-FR">Commande reçue le jour ouvré suivant (J+1)</description>
        <description xml:lang="it">Ricezione ordine entro il giorno lavorativo successivo</description>
        <description xml:lang="it-IT">Ricezione ordine entro il giorno lavorativo successivo</description>
        <description xml:lang="ja-JP">ご注文の商品を翌営業日にお届け</description>
        <description xml:lang="zh-CN">在下一工作日收到订单</description>
        <online-flag>true</online-flag>
        <tax-class-id>standard</tax-class-id>
        <price-table>
            <amount order-value="0">0</amount>
            <amount order-value="0.01">15.99</amount>
            <amount order-value="100">19.99</amount>
            <amount order-value="200">21.99</amount>
            <amount order-value="500">29.99</amount>
        </price-table>
        <custom-attributes>
            <custom-attribute attribute-id="estimatedArrivalTime" xml:lang="x-default">Next Day</custom-attribute>
            <custom-attribute attribute-id="estimatedArrivalTime" xml:lang="fr-FR">Next Day</custom-attribute>
            <custom-attribute attribute-id="estimatedArrivalTime" xml:lang="it-IT">Next Day</custom-attribute>
            <custom-attribute attribute-id="estimatedArrivalTime" xml:lang="ja-JP">翌日</custom-attribute>
            <custom-attribute attribute-id="estimatedArrivalTime" xml:lang="zh-CN">第二天</custom-attribute>
        </custom-attributes>
        <currency>GBP</currency>
    </shipping-method>

    <shipping-method method-id="GBP004" default="false">
        <display-name xml:lang="x-default">Super Saver</display-name>
        <display-name xml:lang="fr-FR">Ultra-économique</display-name>
        <display-name xml:lang="it">Spedizione ridotta</display-name>
        <display-name xml:lang="it-IT">Spedizione ridotta</display-name>
        <display-name xml:lang="ja-JP">超おトク</display-name>
        <display-name xml:lang="zh-CN">Super Saver</display-name>
        <description xml:lang="x-default">Super Saver delivery (arrives in 3-7 business days)</description>
        <description xml:lang="fr-FR">Livraison ultra-économique (en 3 à 7 jours ouvrés)</description>
        <description xml:lang="it">Spedizione ridotta (consegna in 3-7 giorni lavorativi)</description>
        <description xml:lang="it-IT">Spedizione ridotta (consegna in 3-7 giorni lavorativi)</description>
        <description xml:lang="ja-JP">超おトク便 (お受け取りまで 3 ～ 7 営業日)</description>
        <description xml:lang="zh-CN">Super Saver 交货（3 到 7 个工作日内送达）</description>
        <online-flag>true</online-flag>
        <tax-class-id>standard</tax-class-id>
        <price-table>
            <amount order-value="0">0</amount>
            <amount order-value="0.01">1.99</amount>
        </price-table>
        <custom-attributes>
            <custom-attribute attribute-id="estimatedArrivalTime" xml:lang="x-default">3-7 Business Days</custom-attribute>
            <custom-attribute attribute-id="estimatedArrivalTime" xml:lang="fr-FR">3 à 7 jours ouvrés</custom-attribute>
            <custom-attribute attribute-id="estimatedArrivalTime" xml:lang="it-IT">3-7 giorni lavorativi</custom-attribute>
            <custom-attribute attribute-id="estimatedArrivalTime" xml:lang="ja-JP">3 ～ 7 営業日</custom-attribute>
            <custom-attribute attribute-id="estimatedArrivalTime" xml:lang="zh-CN">3-7 个工作日</custom-attribute>
        </custom-attributes>
        <currency>GBP</currency>
    </shipping-method>

    <shipping-method method-id="GBP005" default="false">
        <display-name xml:lang="x-default">Store Pickup</display-name>
        <display-name xml:lang="fr-FR">Retrait en magasin</display-name>
        <display-name xml:lang="it">Ritiro in negozio</display-name>
        <display-name xml:lang="it-IT">Ritiro in negozio</display-name>
        <display-name xml:lang="ja-JP">店舗にて受け取り</display-name>
        <display-name xml:lang="zh-CN">到店提货</display-name>
        <description xml:lang="x-default">Pickup in store</description>
        <description xml:lang="fr-FR">Retrait en magasin</description>
        <description xml:lang="it">Ritiro in negozio</description>
        <description xml:lang="it-IT">Ritiro in negozio</description>
        <description xml:lang="ja-JP">店舗にて受け取り</description>
        <description xml:lang="zh-CN">到店提货</description>
        <online-flag>true</online-flag>
        <price-table>
            <amount order-value="0">0</amount>
        </price-table>
        <custom-attributes>
            <custom-attribute attribute-id="storePickupEnabled">true</custom-attribute>
        </custom-attributes>
        <currency>GBP</currency>
    </shipping-method>

    <shipping-method method-id="JPY001" default="true">
        <display-name xml:lang="x-default">Ground</display-name>
        <display-name xml:lang="fr-FR">Transport terrestre</display-name>
        <display-name xml:lang="it">Via terra</display-name>
        <display-name xml:lang="it-IT">Via terra</display-name>
        <display-name xml:lang="ja-JP">通常便</display-name>
        <display-name xml:lang="zh-CN">陆路</display-name>
        <description xml:lang="x-default">Order received within 7-10 business days</description>
        <description xml:lang="fr-FR">Commande reçue en 7 à 10 jours ouvrés</description>
        <description xml:lang="it">Ricezione ordine entro 7-10 giorni lavorativi</description>
        <description xml:lang="it-IT">Ricezione ordine entro 7-10 giorni lavorativi</description>
        <description xml:lang="ja-JP">ご注文の商品を 7 ～ 10 営業日以内にお届け</description>
        <description xml:lang="zh-CN">在 7-10 个工作日内收到订单</description>
        <online-flag>true</online-flag>
        <tax-class-id>standard</tax-class-id>
        <price-table>
            <amount order-value="0">0</amount>
            <amount order-value="0.01">5.99</amount>
            <amount order-value="100">7.99</amount>
            <amount order-value="200">9.99</amount>
            <amount order-value="500">15.99</amount>
        </price-table>
        <product-cost-groups>
            <product-cost-group>
                <products>
                    <included-products>
                        <condition-group>
                            <category-condition catalog-id="storefront-catalog-m-non-en" operator="is equal">
                                <category-id>womens-jewelry</category-id>
                            </category-condition>
                        </condition-group>
                    </included-products>
                </products>
                <cost-per-item>
                    <surcharge>10</surcharge>
                </cost-per-item>
            </product-cost-group>
        </product-cost-groups>
        <excluded-addresses>
            <included-addresses>
                <condition-group match-mode="all">
                    <condition>
                        <attribute-path>shipment.shippingAddress.stateCode</attribute-path>
                        <operator>is-equal</operator>
                        <string>AA</string>
                        <string>AB</string>
                        <string>AE</string>
                        <string>AP</string>
                        <string>AK</string>
                        <string>AS</string>
                        <string>BC</string>
                        <string>GU</string>
                        <string>HI</string>
                        <string>MB</string>
                        <string>NB</string>
                        <string>NL</string>
                        <string>NT</string>
                        <string>NS</string>
                        <string>NU</string>
                        <string>ON</string>
                        <string>PE</string>
                        <string>PR</string>
                        <string>QC</string>
                        <string>SK</string>
                        <string>VI</string>
                        <string>YT</string>
                    </condition>
                </condition-group>
            </included-addresses>
        </excluded-addresses>
        <custom-attributes>
            <custom-attribute attribute-id="estimatedArrivalTime" xml:lang="x-default">7-10 Business Days</custom-attribute>
            <custom-attribute attribute-id="estimatedArrivalTime" xml:lang="fr-FR">7 à 10 jours ouvrés</custom-attribute>
            <custom-attribute attribute-id="estimatedArrivalTime" xml:lang="it-IT">7-10 giorni lavorativi</custom-attribute>
            <custom-attribute attribute-id="estimatedArrivalTime" xml:lang="ja-JP">7 ～ 10 営業日</custom-attribute>
            <custom-attribute attribute-id="estimatedArrivalTime" xml:lang="zh-CN">7-10 个工作日</custom-attribute>
        </custom-attributes>
        <currency>JPY</currency>
    </shipping-method>

    <shipping-method method-id="JPY002" default="false">
        <display-name xml:lang="x-default">2-Day Express</display-name>
        <display-name xml:lang="fr-FR">Express - 2 jours </display-name>
        <display-name xml:lang="it">Consegna espressa in 2 giorni</display-name>
        <display-name xml:lang="it-IT">Consegna espressa in 2 giorni</display-name>
        <display-name xml:lang="ja-JP">2 日お急ぎ便</display-name>
        <display-name xml:lang="zh-CN">2 天速递</display-name>
        <description xml:lang="x-default">Order received within 2 business days</description>
        <description xml:lang="fr-FR">Commande reçue en 2 jours ouvrés</description>
        <description xml:lang="it">Ricezione ordine entro 2 giorni lavorativi</description>
        <description xml:lang="it-IT">Ricezione ordine entro 2 giorni lavorativi</description>
        <description xml:lang="ja-JP">ご注文の商品を 2 営業日以内にお届け</description>
        <description xml:lang="zh-CN">在 2 个工作日内收到订单</description>
        <online-flag>true</online-flag>
        <tax-class-id>standard</tax-class-id>
        <price-table>
            <amount order-value="0">0</amount>
            <amount order-value="0.01">9.99</amount>
            <amount order-value="100">11.99</amount>
            <amount order-value="200">15.99</amount>
            <amount order-value="500">20.99</amount>
        </price-table>
        <excluded-addresses>
            <included-addresses>
                <condition-group match-mode="all">
                    <condition>
                        <attribute-path>shipment.shippingAddress.stateCode</attribute-path>
                        <operator>is-equal</operator>
                        <string>AA</string>
                        <string>AB</string>
                        <string>AE</string>
                        <string>AP</string>
                        <string>AK</string>
                        <string>AS</string>
                        <string>BC</string>
                        <string>GU</string>
                        <string>HI</string>
                        <string>MB</string>
                        <string>NB</string>
                        <string>NL</string>
                        <string>NT</string>
                        <string>NS</string>
                        <string>NU</string>
                        <string>ON</string>
                        <string>PE</string>
                        <string>PR</string>
                        <string>QC</string>
                        <string>SK</string>
                        <string>VI</string>
                        <string>YT</string>
                    </condition>
                </condition-group>
            </included-addresses>
        </excluded-addresses>
        <custom-attributes>
            <custom-attribute attribute-id="estimatedArrivalTime" xml:lang="x-default">2 Business Days</custom-attribute>
            <custom-attribute attribute-id="estimatedArrivalTime" xml:lang="fr-FR">2 jours ouvrés</custom-attribute>
            <custom-attribute attribute-id="estimatedArrivalTime" xml:lang="it-IT">2 giorni lavorativi</custom-attribute>
            <custom-attribute attribute-id="estimatedArrivalTime" xml:lang="ja-JP">2 営業日</custom-attribute>
            <custom-attribute attribute-id="estimatedArrivalTime" xml:lang="zh-CN">2 个工作日</custom-attribute>
        </custom-attributes>
        <currency>JPY</currency>
    </shipping-method>

    <shipping-method method-id="JPY003" default="false">
        <display-name xml:lang="x-default">Overnight</display-name>
        <display-name xml:lang="fr-FR">Le lendemain</display-name>
        <display-name xml:lang="it">Il giorno successivo</display-name>
        <display-name xml:lang="it-IT">Il giorno successivo</display-name>
        <display-name xml:lang="ja-JP">翌日便</display-name>
        <display-name xml:lang="zh-CN">连夜送货</display-name>
        <description xml:lang="x-default">Order received the next business day</description>
        <description xml:lang="fr-FR">Commande reçue le jour ouvré suivant (J+1)</description>
        <description xml:lang="it">Ricezione ordine entro il giorno lavorativo successivo</description>
        <description xml:lang="it-IT">Ricezione ordine entro il giorno lavorativo successivo</description>
        <description xml:lang="ja-JP">ご注文の商品を翌営業日にお届け</description>
        <description xml:lang="zh-CN">在下一工作日收到订单</description>
        <online-flag>true</online-flag>
        <tax-class-id>standard</tax-class-id>
        <price-table>
            <amount order-value="0">0</amount>
            <amount order-value="0.01">15.99</amount>
            <amount order-value="100">19.99</amount>
            <amount order-value="200">21.99</amount>
            <amount order-value="500">29.99</amount>
        </price-table>
        <excluded-addresses>
            <included-addresses>
                <condition-group match-mode="all">
                    <condition>
                        <attribute-path>shipment.shippingAddress.stateCode</attribute-path>
                        <operator>is-equal</operator>
                        <string>AA</string>
                        <string>AB</string>
                        <string>AE</string>
                        <string>AP</string>
                        <string>AK</string>
                        <string>AS</string>
                        <string>BC</string>
                        <string>GU</string>
                        <string>HI</string>
                        <string>MB</string>
                        <string>NB</string>
                        <string>NL</string>
                        <string>NT</string>
                        <string>NS</string>
                        <string>NU</string>
                        <string>ON</string>
                        <string>PE</string>
                        <string>PR</string>
                        <string>QC</string>
                        <string>SK</string>
                        <string>VI</string>
                        <string>YT</string>
                    </condition>
                </condition-group>
            </included-addresses>
        </excluded-addresses>
        <custom-attributes>
            <custom-attribute attribute-id="estimatedArrivalTime" xml:lang="x-default">Next Day</custom-attribute>
            <custom-attribute attribute-id="estimatedArrivalTime" xml:lang="fr-FR">Next Day</custom-attribute>
            <custom-attribute attribute-id="estimatedArrivalTime" xml:lang="it-IT">Next Day</custom-attribute>
            <custom-attribute attribute-id="estimatedArrivalTime" xml:lang="ja-JP">翌日</custom-attribute>
            <custom-attribute attribute-id="estimatedArrivalTime" xml:lang="zh-CN">第二天</custom-attribute>
        </custom-attributes>
        <currency>JPY</currency>
    </shipping-method>

    <shipping-method method-id="JPY004" default="false">
        <display-name xml:lang="x-default">Super Saver</display-name>
        <display-name xml:lang="fr-FR">Ultra-économique</display-name>
        <display-name xml:lang="it">Spedizione ridotta</display-name>
        <display-name xml:lang="it-IT">Spedizione ridotta</display-name>
        <display-name xml:lang="ja-JP">超おトク</display-name>
        <display-name xml:lang="zh-CN">Super Saver</display-name>
        <description xml:lang="x-default">Super Saver delivery (arrives in 3-7 business days)</description>
        <description xml:lang="fr-FR">Livraison ultra-économique (en 3 à 7 jours ouvrés)</description>
        <description xml:lang="it">Spedizione ridotta (consegna in 3-7 giorni lavorativi)</description>
        <description xml:lang="it-IT">Spedizione ridotta (consegna in 3-7 giorni lavorativi)</description>
        <description xml:lang="ja-JP">超おトク便 (お受け取りまで 3 ～ 7 営業日)</description>
        <description xml:lang="zh-CN">Super Saver 交货（3 到 7 个工作日内送达）</description>
        <online-flag>true</online-flag>
        <tax-class-id>standard</tax-class-id>
        <price-table>
            <amount order-value="0">0</amount>
            <amount order-value="0.01">1.99</amount>
        </price-table>
        <excluded-products>
            <included-products>
                <condition-group>
                    <category-condition catalog-id="storefront-catalog-m-non-en" operator="is equal">
                        <category-id>newarrivals</category-id>
                        <category-id>womens</category-id>
                        <category-id>mens</category-id>
                        <category-id>hidden</category-id>
                    </category-condition>
                </condition-group>
            </included-products>
        </excluded-products>
        <excluded-addresses>
            <included-addresses>
                <condition-group match-mode="all">
                    <condition>
                        <attribute-path>shipment.shippingAddress.stateCode</attribute-path>
                        <operator>is-equal</operator>
                        <string>AA</string>
                        <string>AB</string>
                        <string>AE</string>
                        <string>AP</string>
                        <string>AK</string>
                        <string>AS</string>
                        <string>BC</string>
                        <string>GU</string>
                        <string>HI</string>
                        <string>MB</string>
                        <string>NB</string>
                        <string>NL</string>
                        <string>NT</string>
                        <string>NS</string>
                        <string>NU</string>
                        <string>ON</string>
                        <string>PE</string>
                        <string>PR</string>
                        <string>QC</string>
                        <string>SK</string>
                        <string>VI</string>
                        <string>YT</string>
                    </condition>
                </condition-group>
            </included-addresses>
        </excluded-addresses>
        <custom-attributes>
            <custom-attribute attribute-id="estimatedArrivalTime" xml:lang="x-default">3-7 Business Days</custom-attribute>
            <custom-attribute attribute-id="estimatedArrivalTime" xml:lang="fr-FR">3 à 7 jours ouvrés</custom-attribute>
            <custom-attribute attribute-id="estimatedArrivalTime" xml:lang="it-IT">3-7 giorni lavorativi</custom-attribute>
            <custom-attribute attribute-id="estimatedArrivalTime" xml:lang="ja-JP">3 ～ 7 営業日</custom-attribute>
            <custom-attribute attribute-id="estimatedArrivalTime" xml:lang="zh-CN">3-7 个工作日</custom-attribute>
        </custom-attributes>
        <currency>JPY</currency>
    </shipping-method>

    <shipping-method method-id="JPY005" default="false">
        <display-name xml:lang="x-default">Store Pickup</display-name>
        <display-name xml:lang="fr-FR">Retrait en magasin</display-name>
        <display-name xml:lang="it">Ritiro in negozio</display-name>
        <display-name xml:lang="it-IT">Ritiro in negozio</display-name>
        <display-name xml:lang="ja-JP">店舗にて受け取り</display-name>
        <display-name xml:lang="zh-CN">到店提货</display-name>
        <description xml:lang="x-default">Pickup in store</description>
        <description xml:lang="fr-FR">Retrait en magasin</description>
        <description xml:lang="it">Ritiro in negozio</description>
        <description xml:lang="it-IT">Ritiro in negozio</description>
        <description xml:lang="ja-JP">店舗にて受け取り</description>
        <description xml:lang="zh-CN">到店提货</description>
        <online-flag>true</online-flag>
        <price-table>
            <amount order-value="0">0</amount>
        </price-table>
        <custom-attributes>
            <custom-attribute attribute-id="storePickupEnabled">true</custom-attribute>
        </custom-attributes>
        <currency>JPY</currency>
    </shipping-method>

    <shipping-method method-id="Ground" default="true">
        <display-name xml:lang="x-default">Ground</display-name>
        <online-flag>true</online-flag>
        <tax-class-id>standard</tax-class-id>
        <price-table>
            <amount order-value="1">50</amount>
        </price-table>
        <custom-attributes>
            <custom-attribute attribute-id="storePickupEnabled">false</custom-attribute>
        </custom-attributes>
        <currency>USD</currency>
    </shipping-method>

</shipping>
