<?xml version="1.0" encoding="UTF-8"?>
<preferences xmlns="http://www.demandware.com/xml/impex/preferences/2007-03-31">
    <standard-preferences>
        <all-instances>
            <preference preference-id="AccountNumberRetentionDays">0</preference>
            <preference preference-id="AddProductToBasketBehavior">IncrementQuantities</preference>
            <preference preference-id="CouponGeneratorIncludeDashes">true</preference>
            <preference preference-id="CouponGeneratorIncludeVowels">true</preference>
            <preference preference-id="EnableSiteOrderNumbers">false</preference>
            <preference preference-id="EnforceHTTPS">false</preference>
            <preference preference-id="IntegrationOrderCenterIncludeSite">true</preference>
            <preference preference-id="OrderEditExportDelay">30</preference>
            <preference preference-id="OrderExportDelay">30</preference>
            <preference preference-id="OrderIPLoggingEnabled">true</preference>
            <preference preference-id="OrderLifetime">0</preference>
            <preference preference-id="RedirectUrlCopySourceParameters">false</preference>
            <preference preference-id="SiteCatalog">storefront-catalog-m-en</preference>
            <preference preference-id="SiteCurrencies">USD:EUR:JPY:CNY</preference>
            <preference preference-id="SiteCustomerList">RefArch</preference>
            <preference preference-id="SiteDefaultLocale">en_US</preference>
            <preference preference-id="SiteInventoryList">inventory_m</preference>
            <preference preference-id="SiteLibrary">RefArchSharedLibrary</preference>
            <preference preference-id="SiteLocales">default:en_US</preference>
            <preference preference-id="SitePriceBooks">cny-m-list-prices:cny-m-sale-prices:eur-m-list-prices:eur-m-sale-prices:jpy-m-list-prices:jpy-m-sale-prices:usd-m-list-prices:usd-m-sale-prices</preference>
            <preference preference-id="SiteTimezone">Etc/UTC</preference>
            <preference preference-id="StorefrontURLsEnabled">false</preference>
        </all-instances>
        <development>
            <preference preference-id="AvailabilityFiltering">Disabled</preference>
            <preference preference-id="AvailabilityLowRankingThreshold">0.0</preference>
            <preference preference-id="ExternallyPublishProductIndex">false</preference>
            <preference preference-id="IncludePromotionIDInProductIndex">true</preference>
            <preference preference-id="MergedVariationGroupsDisplayMode">false</preference>
            <preference preference-id="RobotsTxtContent"/>
            <preference preference-id="RobotsTxtMode">Cartridge</preference>
            <preference preference-id="SearchSuggestions">Disabled</preference>
        </development>
        <staging>
            <preference preference-id="AvailabilityFiltering">Disabled</preference>
            <preference preference-id="AvailabilityLowRankingThreshold">0.0</preference>
            <preference preference-id="ExternallyPublishProductIndex">false</preference>
            <preference preference-id="IncludePromotionIDInProductIndex">true</preference>
            <preference preference-id="MergedVariationGroupsDisplayMode">false</preference>
            <preference preference-id="RobotsTxtContent"/>
            <preference preference-id="RobotsTxtMode">Cartridge</preference>
            <preference preference-id="SearchSuggestions">Enabled</preference>
        </staging>
        <production>
            <preference preference-id="AvailabilityFiltering">Disabled</preference>
            <preference preference-id="AvailabilityLowRankingThreshold">0.0</preference>
            <preference preference-id="ExternallyPublishProductIndex">false</preference>
            <preference preference-id="IncludePromotionIDInProductIndex">true</preference>
            <preference preference-id="MergedVariationGroupsDisplayMode">false</preference>
            <preference preference-id="RobotsTxtContent"/>
            <preference preference-id="RobotsTxtMode">Cartridge</preference>
            <preference preference-id="SearchSuggestions">Disabled</preference>
        </production>
    </standard-preferences>
    <custom-preferences>
        <all-instances/>
        <development>
            <preference preference-id="AMEnable">Enable</preference>
            <preference preference-id="ATSettings">{"taxCalculation":true,"addressValidation":false,"taxationpolicy":"net","saveTransactions":true,"commitTransactions":false,"companyCode":"default","useCustomCustomerCode":"customer_number","customCustomerAttribute":"","defaultShippingMethodTaxCode":"FR","locationCode":"","line1":"","line2":"","line3":"","city":"","state":"","zipCode":"","countryCode":""}</preference>
            <preference preference-id="ApproverEmail">Your request for Merchant Partner profile is Approved.
You can now add products.
Once the product is approved it will ready  for Sell and Customers can Order it.
thank you</preference>
            <preference preference-id="ApproverEmailSubject">Request is Approved</preference>
            <preference preference-id="BasicAuthorization">YWJoaW5hdnR5YWdpQGN5bnRleGEuY29tOlRhYmhpQDE5OTg6YWFhYWFhYWFhYWFhYWFhYWFhYWFhYWFhYWFhYWFh</preference>
            <preference preference-id="MerchantApprover">
                <value>kishan@cyntexa.com</value>
                <value>naurat@cyntexa.com</value>
                <value>priyanshu@cyntexa.com</value>
                <value>azad@cyntexa.com</value>
            </preference>
            <preference preference-id="NotificationToApprover">You have a new Merchant Partner Request .
Please go to Your Business Manager.
and take appropriate action for approving or rejecting the request.</preference>
            <preference preference-id="PendingProfileBody">your Partner Profile Request for merchant approver is Pending right now ,  Your request will be responded Soon</preference>
            <preference preference-id="RegardsName">kishan singh</preference>
            <preference preference-id="RejectEmailSubject">Request is Rejected</preference>
            <preference preference-id="RejectProfileBody">Your request is reject this time for the reason ::</preference>
            <preference preference-id="clientId">aaaaaaaaaaaaaaaaaaaaaaaaaaaaaa</preference>
            <preference preference-id="lowInventoryBody">Your Following products are low in category. Please make them up.</preference>
            <preference preference-id="lowInventorySubject">Low Inventory</preference>
            <preference preference-id="regards">With Regards Aaila Team</preference>
        </development>
        <staging/>
        <production/>
    </custom-preferences>
</preferences>

